2017-02-17 11:29:05;3347757;access;Wk.4.7.1
2017-02-17 11:29:09;3347681;access;Wk.4.7.1
2017-02-17 11:29:10;7783585;access;Wk.4.7.1
2017-02-17 11:29:10;7783390;access;Wk.4.7.1
2017-02-17 11:29:14;3347714;access;Wk.4.7.1
2017-02-17 11:29:17;3347699;access;Wk.4.7.1
2017-02-17 11:29:23;7783586;access;Wk.4.7.1
2017-02-17 11:29:31;7783518;access;Wk.4.7.1
2017-02-17 11:29:31;3347762;access;Wk.4.7.1
2017-02-17 11:29:32;7783607;access;Wk.4.7.1
2017-02-17 11:29:36;3347732;access;Wk.4.7.1
2017-02-17 11:29:41;3347796;access;Wk.4.7.1
2017-02-17 11:29:42;3347756;access;Wk.4.7.1
2017-02-17 11:29:42;7783515;access;Wk.4.7.1
2017-02-17 11:29:48;7783464;access;Wk.4.7.1
2017-02-17 11:29:50;7783507;access;Wk.4.7.1
2017-02-17 11:29:50;3347675;access;Wk.4.7.1
2017-02-17 11:29:51;7783664;access;Wk.4.7.1
2017-02-17 11:29:52;7783695;access;Wk.4.7.1
2017-02-17 11:29:53;7783595;access;Wk.4.7.1
2017-02-17 11:29:54;7783504;access;Wk.4.7.1
2017-02-17 11:29:55;3347738;access;Wk.4.7.1
2017-02-17 11:29:56;3347803;access;Wk.4.7.1
2017-02-17 11:29:59;7783680;access;Wk.4.7.1
2017-02-17 11:30:03;7783471;access;Wk.4.7.1
2017-02-17 11:30:04;3347806;access;Wk.4.7.1
2017-02-17 11:30:09;7783431;access;Wk.4.7.1
2017-02-17 11:30:11;7783724;access;Wk.4.7.1
2017-02-17 11:30:15;7783420;access;Wk.4.7.1
2017-02-17 11:30:16;7783655;access;Wk.4.7.1
2017-02-17 11:30:19;3347256;access;Wk.4.7.1
2017-02-17 11:30:20;7783534;access;Wk.4.7.1
2017-02-17 11:30:20;3347237;access;Wk.4.7.1
2017-02-17 11:30:23;3347708;access;Wk.4.7.1
2017-02-17 11:30:23;3347807;access;Wk.4.7.1
2017-02-17 11:30:23;3347792;access;Wk.4.7.1
2017-02-17 11:30:23;7783733;access;Wk.4.7.1
2017-02-17 11:30:24;7783649;access;Wk.4.7.1
2017-02-17 11:30:36;3347724;access;Wk.4.7.1
2017-02-17 11:30:37;7783652;access;Wk.4.7.1
2017-02-17 11:30:38;7783557;access;Wk.4.7.1
2017-02-17 11:30:40;3347782;access;Wk.4.7.1
2017-02-17 11:30:43;3347701;access;Wk.4.7.1
2017-02-17 11:30:44;3347693;access;Wk.4.7.1
2017-02-17 11:30:48;3347754;access;Wk.4.7.1
2017-02-17 11:30:55;7783447;access;Wk.4.7.1
2017-02-17 11:30:57;7783625;access;Wk.4.7.1
2017-02-17 11:31:00;7783398;access;Wk.4.7.1
2017-02-17 11:31:01;7783701;access;Wk.4.7.1
2017-02-17 11:31:09;3347699;access;Wk.4.7.1
2017-02-17 11:31:23;7783401;access;Wk.4.7.1
2017-02-17 11:31:34;7783404;access;Wk.4.7.1
2017-02-17 11:31:53;3347680;access;Wk.4.7.1
2017-02-17 11:31:55;7783514;access;Wk.4.7.1
2017-02-17 11:32:00;7783404;access;Wk.4.7.1
2017-02-17 11:32:09;3347784;access;Wk.4.7.1
2017-02-17 11:32:11;7783612;access;Wk.4.7.1
2017-02-17 11:32:13;7783570;access;Wk.4.7.1
2017-02-17 11:32:26;3347744;access;Wk.4.7.1
2017-02-17 11:32:32;7783686;access;Wk.4.7.1
2017-02-17 11:32:53;7783492;access;Wk.4.7.1
2017-02-17 11:33:02;7783718;access;Wk.4.7.1
2017-02-17 11:33:28;7783707;access;Wk.4.7.1
2017-02-17 11:33:33;3347699;access;Wk.4.7.1
2017-02-17 11:33:35;7783740;access;Wk.4.7.1
2017-02-17 11:33:41;3347724;submit-real;Wk.4.7.1
2017-02-17 11:33:49;3347765;access;Wk.4.7.1
2017-02-17 11:33:52;7783374;access;Wk.4.7.1
2017-02-17 11:34:00;3347675;submit-real;Wk.4.7.1
2017-02-17 11:34:03;3347681;submit-real;Wk.4.7.1
2017-02-17 11:34:06;3347681;submit-real;Wk.4.7.1
2017-02-17 11:34:06;3347716;access;Wk.4.7.1
2017-02-17 11:34:12;7783607;access;Wk.4.7.1
2017-02-17 11:34:26;7783374;access;Wk.4.7.1
2017-02-17 11:34:29;3347714;submit-real;Wk.4.7.1
2017-02-17 11:34:34;7783434;access;Wk.4.7.1
2017-02-17 11:34:36;3347732;submit-real;Wk.4.7.1
2017-02-17 11:34:37;3347256;submit-real;Wk.4.7.1
2017-02-17 11:34:53;3347685;access;Wk.4.7.1
2017-02-17 11:34:56;3347685;access;Wk.4.7.1
2017-02-17 11:34:58;7783471;access;Wk.4.7.1
2017-02-17 11:35:06;7783553;access;Wk.4.7.1
2017-02-17 11:35:08;3347685;access;Wk.4.7.1
2017-02-17 11:35:09;3347685;access;Wk.4.7.1
2017-02-17 11:35:09;3347685;access;Wk.4.7.1
2017-02-17 11:35:10;7783374;submit-real;Wk.4.7.1
2017-02-17 11:35:15;3347237;submit-real;Wk.4.7.1
2017-02-17 11:35:20;7783611;access;Wk.4.7.1
2017-02-17 11:35:22;7783471;submit-real;Wk.4.7.1
2017-02-17 11:35:33;7783629;access;Wk.4.7.1
2017-02-17 11:35:34;7783607;submit-real;Wk.4.7.1
2017-02-17 11:35:40;3347803;submit-real;Wk.4.7.1
2017-02-17 11:35:40;3347685;submit-real;Wk.4.7.1
2017-02-17 11:35:41;3347237;submit-real;Wk.4.7.1
2017-02-17 11:35:42;7783695;submit-real;Wk.4.7.1
2017-02-17 11:35:44;7783528;access;Wk.4.7.1
2017-02-17 11:35:46;7783390;access;Wk.4.7.1
2017-02-17 11:35:46;7783686;access;Wk.4.7.1
2017-02-17 11:35:47;7783464;submit-real;Wk.4.7.1
2017-02-17 11:35:48;3347732;access;Wk.4.7.1
2017-02-17 11:35:49;7783434;submit-real;Wk.4.7.1
2017-02-17 11:35:54;7783629;submit-real;Wk.4.7.1
2017-02-17 11:35:55;7783686;submit-real;Wk.4.7.1
2017-02-17 11:36:13;3347705;access;Wk.4.7.1
2017-02-17 11:36:30;7783629;submit-real;Wk.4.7.1
2017-02-17 11:36:31;7783528;submit-real;Wk.4.7.1
2017-02-17 11:36:47;7783390;submit-real;Wk.4.7.1
2017-02-17 11:36:48;7783420;submit-real;Wk.4.7.1
2017-02-17 11:36:56;7783534;submit-real;Wk.4.7.1
2017-02-17 11:37:01;7783534;submit-real;Wk.4.7.1
2017-02-17 11:37:12;3347707;access;Wk.4.7.1
2017-02-17 11:37:14;7783420;submit-real;Wk.4.7.1
2017-02-17 11:37:16;7783722;access;Wk.4.7.1
2017-02-17 11:37:40;7783557;submit-real;Wk.4.7.1
2017-02-17 11:37:52;7783553;access;Wk.4.7.1
2017-02-17 11:37:57;3347803;access;Wk.4.7.1
2017-02-17 11:37:57;3347693;submit-real;Wk.4.7.1
2017-02-17 11:37:58;3347748;access;Wk.4.7.1
2017-02-17 11:38:00;7783492;submit-real;Wk.4.7.1
2017-02-17 11:38:01;3347707;submit-real;Wk.4.7.1
2017-02-17 11:38:02;7783625;submit-real;Wk.4.7.1
2017-02-17 11:38:07;3347803;submit-real;Wk.4.7.1
2017-02-17 11:38:24;3347784;submit-real;Wk.4.7.1
2017-02-17 11:38:50;7783756;access;Wk.4.7.1
2017-02-17 11:38:57;7783401;submit-real;Wk.4.7.1
2017-02-17 11:38:57;7783514;submit-real;Wk.4.7.1
2017-02-17 11:39:06;7783485;access;Wk.4.7.1
2017-02-17 11:39:17;7783485;submit-real;Wk.4.7.1
2017-02-17 11:39:26;7783722;submit-real;Wk.4.7.1
2017-02-17 11:39:29;7783654;access;Wk.4.7.1
2017-02-17 11:39:34;7783425;access;Wk.4.7.1
2017-02-17 11:39:35;7783637;access;Wk.4.7.1
2017-02-17 11:39:55;7783683;access;Wk.4.7.1
2017-02-17 11:40:09;7783492;access;Wk.4.7.1
2017-02-17 11:40:14;3347801;access;Wk.4.7.1
2017-02-17 11:40:16;3347762;access;Wk.4.7.1
2017-02-17 11:40:19;3347762;submit-real;Wk.4.7.1
2017-02-17 11:40:23;3347806;submit-real;Wk.4.7.1
2017-02-17 11:40:28;7783437;access;Wk.4.7.1
2017-02-17 11:40:30;7783595;submit-real;Wk.4.7.1
2017-02-17 11:40:34;3347806;submit-real;Wk.4.7.1
2017-02-17 11:40:37;7783437;submit-real;Wk.4.7.1
2017-02-17 11:40:38;7783431;submit-real;Wk.4.7.1
2017-02-17 11:40:41;3347801;submit-real;Wk.4.7.1
2017-02-17 11:40:46;7783464;access;Wk.4.7.1
2017-02-17 11:40:51;7783431;access;Wk.4.7.1
2017-02-17 11:40:51;3347678;access;Wk.4.7.1
2017-02-17 11:40:56;7783431;submit-real;Wk.4.7.1
2017-02-17 11:40:58;3347803;access;Wk.4.7.1
2017-02-17 11:40:58;7783563;access;Wk.4.7.1
2017-02-17 11:41:00;7783528;access;Wk.4.7.1
2017-02-17 11:41:02;3347680;submit-real;Wk.4.7.1
2017-02-17 11:41:05;7783515;submit-real;Wk.4.7.1
2017-02-17 11:41:08;7783751;access;Wk.4.7.1
2017-02-17 11:41:09;7783655;access;Wk.4.7.1
2017-02-17 11:41:11;7783563;access;Wk.4.7.1
2017-02-17 11:41:19;7783724;access;Wk.4.7.1
2017-02-17 11:41:54;7783724;submit-real;Wk.4.7.1
2017-02-17 11:42:04;7783437;submit-real;Wk.4.7.1
2017-02-17 11:42:04;7783751;submit-real;Wk.4.7.1
2017-02-17 11:42:09;7783654;submit-real;Wk.4.7.1
2017-02-17 11:42:12;7783654;submit-real;Wk.4.7.1
2017-02-17 11:42:15;7783655;submit-real;Wk.4.7.1
2017-02-17 11:42:32;3347708;submit-real;Wk.4.7.1
2017-02-17 11:42:39;3347807;submit-real;Wk.4.7.1
2017-02-17 11:42:41;7783751;submit-real;Wk.4.7.1
2017-02-17 11:42:42;7783490;access;Wk.4.7.1
2017-02-17 11:42:45;3347708;submit-real;Wk.4.7.1
2017-02-17 11:43:06;7783398;submit-real;Wk.4.7.1
2017-02-17 11:43:10;7783701;submit-real;Wk.4.7.1
2017-02-17 11:43:11;7783756;submit-real;Wk.4.7.1
2017-02-17 11:43:16;7783490;submit-real;Wk.4.7.1
2017-02-17 11:43:17;7783649;submit-real;Wk.4.7.1
2017-02-17 11:43:28;7783722;access;Wk.4.7.1
2017-02-17 11:44:07;7783483;access;Wk.4.7.1
2017-02-17 11:44:17;7783612;submit-real;Wk.4.7.1
2017-02-17 11:44:25;7783611;submit-real;Wk.4.7.1
2017-02-17 11:44:25;7783637;submit-real;Wk.4.7.1
2017-02-17 11:44:30;3347678;submit-real;Wk.4.7.1
2017-02-17 11:44:33;7783700;access;Wk.4.7.1
2017-02-17 11:44:41;7783404;access;Wk.4.7.1
2017-02-17 11:44:46;3347794;access;Wk.4.7.1
2017-02-17 11:44:48;7783496;access;Wk.4.7.1
2017-02-17 11:44:49;3347748;access;Wk.4.7.1
2017-02-17 11:44:49;7783404;submit-real;Wk.4.7.1
2017-02-17 11:44:51;3347716;submit-real;Wk.4.7.1
2017-02-17 11:44:51;7783605;access;Wk.4.7.1
2017-02-17 11:44:51;3347678;submit-real;Wk.4.7.1
2017-02-17 11:44:52;7783756;submit-real;Wk.4.7.1
2017-02-17 11:44:52;7783700;submit-real;Wk.4.7.1
2017-02-17 11:44:52;7783379;access;Wk.4.7.1
2017-02-17 11:44:53;7783540;access;Wk.4.7.1
2017-02-17 11:44:53;3347794;access;Wk.4.7.1
2017-02-17 11:44:54;7783563;access;Wk.4.7.1
2017-02-17 11:44:57;3347738;submit-real;Wk.4.7.1
2017-02-17 11:44:57;7783740;submit-real;Wk.4.7.1
2017-02-17 11:45:02;3347744;submit-real;Wk.4.7.1
2017-02-17 11:45:03;7783716;access;Wk.4.7.1
2017-02-17 11:45:03;3347744;access;Wk.4.7.1
2017-02-17 11:45:05;3347744;access;Wk.4.7.1
2017-02-17 11:45:05;7783652;submit-real;Wk.4.7.1
2017-02-17 11:45:08;3347744;submit-real;Wk.4.7.1
2017-02-17 11:45:09;7783540;submit-real;Wk.4.7.1
2017-02-17 11:45:10;7783379;submit-real;Wk.4.7.1
2017-02-17 11:45:12;7783766;access;Wk.4.7.1
2017-02-17 11:45:12;3347794;submit-real;Wk.4.7.1
2017-02-17 11:45:14;7783680;submit-real;Wk.4.7.1
2017-02-17 11:45:14;7783605;submit-real;Wk.4.7.1
2017-02-17 11:45:14;7783716;submit-real;Wk.4.7.1
2017-02-17 11:45:14;7783700;submit-real;Wk.4.7.1
2017-02-17 11:45:15;3347754;submit-real;Wk.4.7.1
2017-02-17 11:45:16;7783611;submit-real;Wk.4.7.1
2017-02-17 11:45:24;7783563;submit-real;Wk.4.7.1
2017-02-17 11:45:24;7783507;submit-real;Wk.4.7.1
2017-02-17 11:45:25;3347701;submit-real;Wk.4.7.1
2017-02-17 11:45:28;7783483;submit-real;Wk.4.7.1
2017-02-17 11:45:30;7783664;submit-real;Wk.4.7.1
2017-02-17 11:45:34;7783687;access;Wk.4.7.1
2017-02-17 11:45:35;7783766;submit-real;Wk.4.7.1
2017-02-17 11:45:35;7783540;submit-real;Wk.4.7.1
2017-02-17 11:45:37;3347748;submit-real;Wk.4.7.1
2017-02-17 11:45:37;7783496;submit-real;Wk.4.7.1
2017-02-17 11:45:43;7783687;submit-real;Wk.4.7.1
2017-02-17 11:45:43;7783439;access;Wk.4.7.1
2017-02-17 11:45:47;7783585;submit-real;Wk.4.7.1
2017-02-17 11:45:50;3347765;submit-real;Wk.4.7.1
2017-02-17 11:45:50;3347796;submit-real;Wk.4.7.1
2017-02-17 11:45:52;3347716;submit-real;Wk.4.7.1
2017-02-17 11:45:55;7783563;submit-real;Wk.4.7.1
2017-02-17 11:46:00;7783563;submit-check;Wk.4.7.1
2017-02-17 11:46:08;3347756;submit-check;Wk.4.7.1
2017-02-17 11:46:16;7783553;submit-check;Wk.4.7.1
2017-02-17 11:46:17;3347724;access;Wk.4.7.1
2017-02-17 11:46:20;7783683;submit-check;Wk.4.7.1
2017-02-17 11:46:21;3347807;submit-check;Wk.4.7.1
2017-02-17 11:46:28;7783586;submit-check;Wk.4.7.1
2017-02-17 11:46:32;7783425;submit-check;Wk.4.7.1
2017-02-17 11:46:32;3347705;submit-check;Wk.4.7.1
2017-02-17 11:46:35;7783447;submit-check;Wk.4.7.1
2017-02-17 11:46:37;3347765;submit-check;Wk.4.7.1
2017-02-17 11:46:54;7783686;access;Wk.4.7.1
2017-02-17 11:47:05;7783504;submit-check;Wk.4.7.1
2017-02-17 11:47:08;7783543;access;Wk.4.7.1
2017-02-17 11:47:20;7783518;submit-check;Wk.4.7.1
2017-02-17 11:47:32;3347699;access;Wk.4.7.1
2017-02-17 11:47:37;3347757;access;Wk.4.7.1
2017-02-17 11:48:21;7783707;access;Wk.4.7.1
2017-02-17 11:48:57;7783718;submit-check;Wk.4.7.1
2017-02-17 11:49:00;7783570;submit-check;Wk.4.7.1
2017-02-17 11:49:21;7783740;access;Wk.4.7.1
2017-02-17 11:50:04;7783404;submit-real;Wk.4.7.1
2017-02-17 11:50:13;7783404;access;Wk.4.7.1
2017-02-17 11:50:43;7783586;submit-real;Wk.4.7.1
2017-02-17 11:50:55;7783586;submit-real;Wk.4.7.1
2017-02-17 11:51:09;7783586;submit-real;Wk.4.7.1
2017-02-17 11:51:31;3347803;access;Wk.4.7.1
2017-02-17 11:51:46;3347782;access;Wk.4.7.1
2017-02-17 11:52:42;7783534;access;Wk.4.7.1
2017-02-17 11:53:09;7783439;submit-check;Wk.4.7.1
2017-02-17 11:54:02;3347792;access;Wk.4.7.1
2017-02-17 11:54:08;3347803;access;Wk.4.7.1
2017-02-17 11:54:56;7783480;access;Wk.4.7.1
2017-02-17 11:57:50;7783480;access;Wk.4.7.1
2017-02-17 11:58:19;7783480;access;Wk.4.7.1
2017-02-17 11:58:25;3347782;access;Wk.4.7.1
2017-02-17 12:00:46;7783480;access;Wk.4.7.1
2017-02-17 12:14:36;7783690;access;Wk.4.7.1
2017-02-17 12:26:07;7783607;access;Wk.4.7.1
2017-02-17 13:05:37;7783680;access;Wk.4.7.1
2017-02-18 00:03:03;3347794;access;Wk.4.7.1
2017-02-18 19:46:43;7783607;access;Wk.4.7.1
2017-02-18 22:02:33;7783431;access;Wk.4.7.1
2017-02-20 17:06:38;3347792;access;Wk.4.7.1
2017-02-20 17:39:45;7783733;access;Wk.4.7.1
2017-02-20 17:44:53;3347757;access;Wk.4.7.1
2017-02-20 22:46:54;7783485;access;Wk.4.7.1
2017-02-20 22:47:11;7783464;access;Wk.4.7.1
2017-02-21 16:15:05;7783740;access;Wk.4.7.1
2017-02-21 20:29:46;7783733;access;Wk.4.7.1
2017-02-21 21:10:47;7783701;access;Wk.4.7.1
2017-02-21 23:48:49;7783611;access;Wk.4.7.1
2017-02-22 14:53:06;7783464;access;Wk.4.7.1
2017-02-23 02:36:47;3347685;access;Wk.4.7.1
2017-02-24 10:55:18;3347744;access;Wk.4.7.1
2017-02-28 03:08:02;7783766;access;Wk.4.7.1
2017-03-06 23:50:02;3347716;access;Wk.4.7.1
2017-03-12 16:17:00;7783695;access;Wk.4.7.1
2017-03-17 13:28:25;3347762;access;Wk.4.7.1
2017-04-07 04:31:57;7783690;access;Wk.4.7.1
2017-02-17 08:59:10;7783676;access;Wk.4.7.2
2017-02-17 08:59:14;7783445;access;Wk.4.7.2
2017-02-17 08:59:15;7783385;access;Wk.4.7.2
2017-02-17 08:59:16;3346633;access;Wk.4.7.2
2017-02-17 08:59:27;7783551;access;Wk.4.7.2
2017-02-17 08:59:28;7783451;access;Wk.4.7.2
2017-02-17 08:59:29;3347773;access;Wk.4.7.2
2017-02-17 08:59:32;7783638;access;Wk.4.7.2
2017-02-17 08:59:40;7783400;access;Wk.4.7.2
2017-02-17 08:59:41;3347731;access;Wk.4.7.2
2017-02-17 08:59:41;7783580;access;Wk.4.7.2
2017-02-17 08:59:42;7783642;access;Wk.4.7.2
2017-02-17 08:59:42;7783511;access;Wk.4.7.2
2017-02-17 08:59:45;7783407;access;Wk.4.7.2
2017-02-17 08:59:46;3347809;access;Wk.4.7.2
2017-02-17 08:59:46;7783544;access;Wk.4.7.2
2017-02-17 08:59:47;7783523;access;Wk.4.7.2
2017-02-17 08:59:47;3347251;access;Wk.4.7.2
2017-02-17 08:59:49;7783757;access;Wk.4.7.2
2017-02-17 08:59:51;3347730;access;Wk.4.7.2
2017-02-17 08:59:52;7783453;access;Wk.4.7.2
2017-02-17 08:59:53;7783499;access;Wk.4.7.2
2017-02-17 08:59:57;3347770;access;Wk.4.7.2
2017-02-17 09:00:03;7783674;access;Wk.4.7.2
2017-02-17 09:00:07;7783601;access;Wk.4.7.2
2017-02-17 09:00:07;3347687;access;Wk.4.7.2
2017-02-17 09:00:08;3347682;access;Wk.4.7.2
2017-02-17 09:00:10;7783392;access;Wk.4.7.2
2017-02-17 09:00:10;3347305;access;Wk.4.7.2
2017-02-17 09:00:10;3347704;access;Wk.4.7.2
2017-02-17 09:00:11;3346614;access;Wk.4.7.2
2017-02-17 09:00:11;7783402;access;Wk.4.7.2
2017-02-17 09:00:12;3347804;access;Wk.4.7.2
2017-02-17 09:00:15;7783623;access;Wk.4.7.2
2017-02-17 09:00:16;3346074;access;Wk.4.7.2
2017-02-17 09:00:19;3347766;access;Wk.4.7.2
2017-02-17 09:00:20;7783428;access;Wk.4.7.2
2017-02-17 09:00:22;7783529;access;Wk.4.7.2
2017-02-17 09:00:25;3347715;access;Wk.4.7.2
2017-02-17 09:00:27;7783443;access;Wk.4.7.2
2017-02-17 09:00:29;7783377;access;Wk.4.7.2
2017-02-17 09:00:31;7783388;access;Wk.4.7.2
2017-02-17 09:00:32;7783705;access;Wk.4.7.2
2017-02-17 09:00:34;7783656;access;Wk.4.7.2
2017-02-17 09:00:34;3347777;access;Wk.4.7.2
2017-02-17 09:00:39;7783626;access;Wk.4.7.2
2017-02-17 09:00:41;7783478;access;Wk.4.7.2
2017-02-17 09:00:48;3347751;access;Wk.4.7.2
2017-02-17 09:00:56;3347710;access;Wk.4.7.2
2017-02-17 09:00:57;7783489;access;Wk.4.7.2
2017-02-17 09:01:03;7783738;access;Wk.4.7.2
2017-02-17 09:01:07;7783424;access;Wk.4.7.2
2017-02-17 09:01:09;3347812;access;Wk.4.7.2
2017-02-17 09:01:09;7783446;access;Wk.4.7.2
2017-02-17 09:01:13;3347786;access;Wk.4.7.2
2017-02-17 09:01:21;7783657;access;Wk.4.7.2
2017-02-17 09:01:28;7783673;access;Wk.4.7.2
2017-02-17 09:01:33;7783522;access;Wk.4.7.2
2017-02-17 09:01:51;7783513;access;Wk.4.7.2
2017-02-17 09:02:02;3347802;access;Wk.4.7.2
2017-02-17 09:02:05;7783719;access;Wk.4.7.2
2017-02-17 09:02:05;7783675;access;Wk.4.7.2
2017-02-17 09:02:18;7783409;access;Wk.4.7.2
2017-02-17 09:02:56;7783436;access;Wk.4.7.2
2017-02-17 09:03:02;7783669;access;Wk.4.7.2
2017-02-17 09:03:03;7783604;access;Wk.4.7.2
2017-02-17 09:03:07;7783524;access;Wk.4.7.2
2017-02-17 09:03:19;7783385;access;Wk.4.7.2
2017-02-17 09:03:24;7783385;submit-real;Wk.4.7.2
2017-02-17 09:03:24;3347776;access;Wk.4.7.2
2017-02-17 09:03:39;7783436;access;Wk.4.7.2
2017-02-17 09:03:42;7783415;access;Wk.4.7.2
2017-02-17 09:03:44;3346837;access;Wk.4.7.2
2017-02-17 09:03:51;7783613;access;Wk.4.7.2
2017-02-17 09:04:01;7783389;access;Wk.4.7.2
2017-02-17 09:04:04;7783692;access;Wk.4.7.2
2017-02-17 09:04:32;3347305;access;Wk.4.7.2
2017-02-17 09:04:36;7783409;access;Wk.4.7.2
2017-02-17 09:04:36;3347778;access;Wk.4.7.2
2017-02-17 09:04:38;3347305;submit-real;Wk.4.7.2
2017-02-17 09:04:58;3347550;access;Wk.4.7.2
2017-02-17 09:05:05;3347778;access;Wk.4.7.2
2017-02-17 09:05:48;3347709;access;Wk.4.7.2
2017-02-17 09:05:50;7783551;submit-real;Wk.4.7.2
2017-02-17 09:05:53;3347704;submit-real;Wk.4.7.2
2017-02-17 09:06:05;3347804;submit-real;Wk.4.7.2
2017-02-17 09:06:35;7783445;submit-real;Wk.4.7.2
2017-02-17 09:06:38;7783489;submit-real;Wk.4.7.2
2017-02-17 09:06:43;7783560;access;Wk.4.7.2
2017-02-17 09:06:46;3347719;access;Wk.4.7.2
2017-02-17 09:06:51;7783443;submit-real;Wk.4.7.2
2017-02-17 09:06:56;3347719;submit-real;Wk.4.7.2
2017-02-17 09:06:58;3347804;submit-real;Wk.4.7.2
2017-02-17 09:07:00;3347804;submit-real;Wk.4.7.2
2017-02-17 09:07:04;3347778;submit-real;Wk.4.7.2
2017-02-17 09:07:04;7783400;submit-real;Wk.4.7.2
2017-02-17 09:07:08;3347778;submit-real;Wk.4.7.2
2017-02-17 09:07:11;7783560;submit-real;Wk.4.7.2
2017-02-17 09:07:17;7783402;submit-real;Wk.4.7.2
2017-02-17 09:07:24;7783752;access;Wk.4.7.2
2017-02-17 09:07:25;7783560;submit-real;Wk.4.7.2
2017-02-17 09:07:34;3346633;submit-real;Wk.4.7.2
2017-02-17 09:07:35;7783433;access;Wk.4.7.2
2017-02-17 09:07:37;7783489;submit-real;Wk.4.7.2
2017-02-17 09:07:41;3347710;submit-real;Wk.4.7.2
2017-02-17 09:07:41;3347770;submit-real;Wk.4.7.2
2017-02-17 09:07:47;7783409;submit-real;Wk.4.7.2
2017-02-17 09:07:48;3347773;submit-real;Wk.4.7.2
2017-02-17 09:07:49;7783445;access;Wk.4.7.2
2017-02-17 09:07:51;7783428;access;Wk.4.7.2
2017-02-17 09:07:54;7783544;submit-real;Wk.4.7.2
2017-02-17 09:07:56;7783428;submit-real;Wk.4.7.2
2017-02-17 09:08:22;7783389;submit-real;Wk.4.7.2
2017-02-17 09:08:24;3347687;submit-real;Wk.4.7.2
2017-02-17 09:08:31;3346633;access;Wk.4.7.2
2017-02-17 09:08:37;3347710;submit-real;Wk.4.7.2
2017-02-17 09:08:41;3347804;submit-real;Wk.4.7.2
2017-02-17 09:08:43;7783676;submit-real;Wk.4.7.2
2017-02-17 09:08:51;7783673;submit-real;Wk.4.7.2
2017-02-17 09:08:54;3347766;submit-real;Wk.4.7.2
2017-02-17 09:08:56;3347804;submit-real;Wk.4.7.2
2017-02-17 09:08:56;7783719;submit-real;Wk.4.7.2
2017-02-17 09:09:05;3347718;access;Wk.4.7.2
2017-02-17 09:09:06;7783392;access;Wk.4.7.2
2017-02-17 09:09:06;3346982;access;Wk.4.7.2
2017-02-17 09:09:06;7783415;submit-real;Wk.4.7.2
2017-02-17 09:09:23;7783478;submit-real;Wk.4.7.2
2017-02-17 09:09:27;3347804;submit-real;Wk.4.7.2
2017-02-17 09:09:29;3347770;submit-real;Wk.4.7.2
2017-02-17 09:09:31;3346982;submit-real;Wk.4.7.2
2017-02-17 09:09:31;7783478;submit-real;Wk.4.7.2
2017-02-17 09:09:31;7783407;submit-real;Wk.4.7.2
2017-02-17 09:09:52;3347687;submit-real;Wk.4.7.2
2017-02-17 09:09:53;3347718;submit-real;Wk.4.7.2
2017-02-17 09:09:54;7783392;submit-real;Wk.4.7.2
2017-02-17 09:09:57;7783676;submit-real;Wk.4.7.2
2017-02-17 09:10:00;3346614;submit-real;Wk.4.7.2
2017-02-17 09:10:10;7783621;access;Wk.4.7.2
2017-02-17 09:10:15;7783424;access;Wk.4.7.2
2017-02-17 09:10:17;7783499;access;Wk.4.7.2
2017-02-17 09:10:20;3347751;access;Wk.4.7.2
2017-02-17 09:10:33;3346074;submit-real;Wk.4.7.2
2017-02-17 09:10:33;7783627;access;Wk.4.7.2
2017-02-17 09:10:41;7783499;submit-real;Wk.4.7.2
2017-02-17 09:10:42;3347251;submit-real;Wk.4.7.2
2017-02-17 09:10:45;7783580;submit-real;Wk.4.7.2
2017-02-17 09:11:05;7783424;submit-real;Wk.4.7.2
2017-02-17 09:11:08;7783580;submit-real;Wk.4.7.2
2017-02-17 09:11:15;3346614;submit-real;Wk.4.7.2
2017-02-17 09:11:29;3346075;access;Wk.4.7.2
2017-02-17 09:11:40;3347718;submit-real;Wk.4.7.2
2017-02-17 09:11:44;3347802;submit-real;Wk.4.7.2
2017-02-17 09:11:46;3346075;submit-real;Wk.4.7.2
2017-02-17 09:11:46;7783501;access;Wk.4.7.2
2017-02-17 09:11:49;3347802;submit-real;Wk.4.7.2
2017-02-17 09:12:02;7783698;access;Wk.4.7.2
2017-02-17 09:12:08;7783601;submit-real;Wk.4.7.2
2017-02-17 09:12:09;3347257;access;Wk.4.7.2
2017-02-17 09:12:11;7783698;access;Wk.4.7.2
2017-02-17 09:12:15;7783621;submit-real;Wk.4.7.2
2017-02-17 09:12:17;3346075;submit-real;Wk.4.7.2
2017-02-17 09:12:18;7783460;access;Wk.4.7.2
2017-02-17 09:12:24;7783460;access;Wk.4.7.2
2017-02-17 09:12:26;7783638;submit-real;Wk.4.7.2
2017-02-17 09:12:32;3347764;access;Wk.4.7.2
2017-02-17 09:12:33;3347749;access;Wk.4.7.2
2017-02-17 09:12:35;3347709;access;Wk.4.7.2
2017-02-17 09:12:48;3347682;access;Wk.4.7.2
2017-02-17 09:12:50;7783433;submit-real;Wk.4.7.2
2017-02-17 09:12:51;3347704;submit-real;Wk.4.7.2
2017-02-17 09:12:52;3347709;submit-real;Wk.4.7.2
2017-02-17 09:12:57;7783499;access;Wk.4.7.2
2017-02-17 09:12:57;3347709;access;Wk.4.7.2
2017-02-17 09:12:58;3347749;access;Wk.4.7.2
2017-02-17 09:13:01;3347709;submit-real;Wk.4.7.2
2017-02-17 09:13:02;7783748;access;Wk.4.7.2
2017-02-17 09:13:06;3347257;submit-real;Wk.4.7.2
2017-02-17 09:13:08;3347731;submit-real;Wk.4.7.2
2017-02-17 09:13:10;3347731;submit-real;Wk.4.7.2
2017-02-17 09:13:13;7783460;submit-real;Wk.4.7.2
2017-02-17 09:13:16;3347357;access;Wk.4.7.2
2017-02-17 09:13:18;3347751;access;Wk.4.7.2
2017-02-17 09:13:21;7783529;submit-real;Wk.4.7.2
2017-02-17 09:13:22;7783400;submit-real;Wk.4.7.2
2017-02-17 09:13:34;7783675;submit-real;Wk.4.7.2
2017-02-17 09:13:40;7783675;submit-real;Wk.4.7.2
2017-02-17 09:13:40;7783738;submit-real;Wk.4.7.2
2017-02-17 09:13:41;3347777;access;Wk.4.7.2
2017-02-17 09:13:43;7783400;access;Wk.4.7.2
2017-02-17 09:13:49;3347812;access;Wk.4.7.2
2017-02-17 09:13:50;3347747;access;Wk.4.7.2
2017-02-17 09:13:51;3347812;access;Wk.4.7.2
2017-02-17 09:13:53;7783524;access;Wk.4.7.2
2017-02-17 09:13:57;3347747;access;Wk.4.7.2
2017-02-17 09:14:10;7783400;submit-real;Wk.4.7.2
2017-02-17 09:14:11;7783524;submit-real;Wk.4.7.2
2017-02-17 09:14:16;7783388;submit-real;Wk.4.7.2
2017-02-17 09:14:17;3347731;submit-real;Wk.4.7.2
2017-02-17 09:14:20;7783627;submit-real;Wk.4.7.2
2017-02-17 09:14:31;3347812;submit-real;Wk.4.7.2
2017-02-17 09:14:36;7783657;submit-real;Wk.4.7.2
2017-02-17 09:14:42;7783698;submit-real;Wk.4.7.2
2017-02-17 09:14:42;7783752;submit-real;Wk.4.7.2
2017-02-17 09:14:46;7783473;access;Wk.4.7.2
2017-02-17 09:14:48;3347777;access;Wk.4.7.2
2017-02-17 09:14:49;7783523;submit-real;Wk.4.7.2
2017-02-17 09:14:52;7783473;submit-real;Wk.4.7.2
2017-02-17 09:14:52;7783377;submit-real;Wk.4.7.2
2017-02-17 09:14:52;3347715;submit-real;Wk.4.7.2
2017-02-17 09:14:53;7783388;submit-real;Wk.4.7.2
2017-02-17 09:14:54;7783692;submit-real;Wk.4.7.2
2017-02-17 09:14:55;3346837;submit-real;Wk.4.7.2
2017-02-17 09:14:56;3347715;submit-real;Wk.4.7.2
2017-02-17 09:14:56;7783674;submit-real;Wk.4.7.2
2017-02-17 09:14:57;3347776;submit-real;Wk.4.7.2
2017-02-17 09:14:57;3347777;submit-real;Wk.4.7.2
2017-02-17 09:14:57;7783446;submit-real;Wk.4.7.2
2017-02-17 09:14:59;7783377;submit-real;Wk.4.7.2
2017-02-17 09:15:00;7783674;submit-real;Wk.4.7.2
2017-02-17 09:15:00;3347786;submit-real;Wk.4.7.2
2017-02-17 09:15:02;7783613;submit-real;Wk.4.7.2
2017-02-17 09:15:02;7783752;submit-real;Wk.4.7.2
2017-02-17 09:15:03;7783388;submit-real;Wk.4.7.2
2017-02-17 09:15:03;7783451;submit-real;Wk.4.7.2
2017-02-17 09:15:04;3347776;submit-real;Wk.4.7.2
2017-02-17 09:15:04;7783613;submit-real;Wk.4.7.2
2017-02-17 09:15:05;3347682;submit-real;Wk.4.7.2
2017-02-17 09:15:05;3347686;access;Wk.4.7.2
2017-02-17 09:15:05;3347751;access;Wk.4.7.2
2017-02-17 09:15:08;7783388;submit-real;Wk.4.7.2
2017-02-17 09:15:12;3347751;submit-real;Wk.4.7.2
2017-02-17 09:15:17;7783705;submit-real;Wk.4.7.2
2017-02-17 09:15:20;7783705;submit-real;Wk.4.7.2
2017-02-17 09:15:20;7783522;submit-real;Wk.4.7.2
2017-02-17 09:15:22;7783522;submit-real;Wk.4.7.2
2017-02-17 09:15:23;7783522;submit-real;Wk.4.7.2
2017-02-17 09:15:23;7783522;submit-real;Wk.4.7.2
2017-02-17 09:15:24;7783522;submit-real;Wk.4.7.2
2017-02-17 09:15:30;3347747;submit-real;Wk.4.7.2
2017-02-17 09:15:32;7783522;submit-real;Wk.4.7.2
2017-02-17 09:15:32;7783446;submit-real;Wk.4.7.2
2017-02-17 09:15:34;7783446;submit-real;Wk.4.7.2
2017-02-17 09:15:35;3347809;submit-real;Wk.4.7.2
2017-02-17 09:15:37;7783524;access;Wk.4.7.2
2017-02-17 09:15:42;7783656;access;Wk.4.7.2
2017-02-17 09:15:43;7783757;submit-real;Wk.4.7.2
2017-02-17 09:15:49;7783501;submit-real;Wk.4.7.2
2017-02-17 09:15:49;7783738;submit-real;Wk.4.7.2
2017-02-17 09:15:49;7783626;submit-real;Wk.4.7.2
2017-02-17 09:15:52;3347709;access;Wk.4.7.2
2017-02-17 09:15:56;7783626;submit-real;Wk.4.7.2
2017-02-17 09:15:57;7783511;submit-real;Wk.4.7.2
2017-02-17 09:15:57;7783705;submit-real;Wk.4.7.2
2017-02-17 09:15:58;7783627;submit-real;Wk.4.7.2
2017-02-17 09:15:58;7783522;submit-real;Wk.4.7.2
2017-02-17 09:15:59;7783656;submit-real;Wk.4.7.2
2017-02-17 09:16:00;3347730;submit-real;Wk.4.7.2
2017-02-17 09:16:00;3347747;submit-real;Wk.4.7.2
2017-02-17 09:16:01;7783436;submit-real;Wk.4.7.2
2017-02-17 09:16:01;7783377;submit-check;Wk.4.7.2
2017-02-17 09:16:03;7783705;submit-real;Wk.4.7.2
2017-02-17 09:16:03;7783613;submit-real;Wk.4.7.2
2017-02-17 09:16:03;7783692;submit-check;Wk.4.7.2
2017-02-17 09:16:04;3347749;submit-check;Wk.4.7.2
2017-02-17 09:16:05;7783613;submit-real;Wk.4.7.2
2017-02-17 09:16:07;7783604;submit-check;Wk.4.7.2
2017-02-17 09:16:08;7783623;submit-check;Wk.4.7.2
2017-02-17 09:16:08;3346982;submit-check;Wk.4.7.2
2017-02-17 09:16:12;3347686;submit-check;Wk.4.7.2
2017-02-17 09:16:12;7783642;submit-check;Wk.4.7.2
2017-02-17 09:16:14;7783712;access;Wk.4.7.2
2017-02-17 09:16:15;7783513;submit-check;Wk.4.7.2
2017-02-17 09:16:16;3347357;access;Wk.4.7.2
2017-02-17 09:16:17;7783721;access;Wk.4.7.2
2017-02-17 09:16:18;7783446;access;Wk.4.7.2
2017-02-17 09:16:19;7783387;access;Wk.4.7.2
2017-02-17 09:16:20;7783451;submit-check;Wk.4.7.2
2017-02-17 09:16:28;7783738;submit-check;Wk.4.7.2
2017-02-17 09:16:31;3347715;submit-check;Wk.4.7.2
2017-02-17 09:16:32;3347776;submit-check;Wk.4.7.2
2017-02-17 09:16:32;3347764;submit-check;Wk.4.7.2
2017-02-17 09:16:37;3347550;submit-check;Wk.4.7.2
2017-02-17 09:16:38;7783669;submit-check;Wk.4.7.2
2017-02-17 09:16:40;7783473;submit-check;Wk.4.7.2
2017-02-17 09:16:41;3347357;access;Wk.4.7.2
2017-02-17 09:16:46;7783520;access;Wk.4.7.2
2017-02-17 09:17:00;7783387;access;Wk.4.7.2
2017-02-17 09:17:03;7783453;submit-check;Wk.4.7.2
2017-02-17 09:17:20;3346837;submit-check;Wk.4.7.2
2017-02-17 09:17:21;7783520;access;Wk.4.7.2
2017-02-17 09:17:23;7783387;access;Wk.4.7.2
2017-02-17 09:17:29;7783705;access;Wk.4.7.2
2017-02-17 09:17:36;3347550;access;Wk.4.7.2
2017-02-17 09:17:37;7783721;access;Wk.4.7.2
2017-02-17 09:17:57;7783748;access;Wk.4.7.2
2017-02-17 09:18:28;7783387;access;Wk.4.7.2
2017-02-17 09:18:36;7783387;access;Wk.4.7.2
2017-02-17 09:20:18;7783748;access;Wk.4.7.2
2017-02-17 09:20:35;3347305;access;Wk.4.7.2
2017-02-17 09:20:40;7783698;access;Wk.4.7.2
2017-02-17 09:21:08;7783446;access;Wk.4.7.2
2017-02-17 09:22:18;7783523;access;Wk.4.7.2
2017-02-17 09:25:14;3347749;access;Wk.4.7.2
2017-02-17 09:26:40;7783657;access;Wk.4.7.2
2017-02-17 09:28:39;3346075;access;Wk.4.7.2
2017-02-17 09:33:14;7783385;access;Wk.4.7.2
2017-02-17 09:35:18;3347709;access;Wk.4.7.2
2017-02-17 09:42:54;7783453;access;Wk.4.7.2
2017-02-17 10:00:17;7783676;access;Wk.4.7.2
2017-02-17 10:14:41;7783392;access;Wk.4.7.2
2017-02-17 11:55:34;3347730;access;Wk.4.7.2
2017-02-18 23:33:56;7783453;access;Wk.4.7.2
2017-02-19 22:49:58;7783453;access;Wk.4.7.2
2017-02-20 00:27:13;7783387;access;Wk.4.7.2
2017-02-20 01:58:32;3347809;access;Wk.4.7.2
2017-02-20 11:11:51;7783499;access;Wk.4.7.2
2017-02-20 16:22:08;3346075;access;Wk.4.7.2
2017-02-21 07:50:59;7783392;access;Wk.4.7.2
2017-02-21 10:57:08;3346633;access;Wk.4.7.2
2017-02-21 11:47:37;7783719;access;Wk.4.7.2
2017-02-21 18:57:47;7783385;access;Wk.4.7.2
2017-02-21 22:54:48;7783470;access;Wk.4.7.2
2017-02-21 23:28:50;7783520;access;Wk.4.7.2
2017-02-23 21:40:43;7783698;access;Wk.4.7.2
2017-02-24 01:12:19;7783692;access;Wk.4.7.2
2017-02-24 08:18:33;7783674;access;Wk.4.7.2
2017-02-24 08:40:10;7783712;access;Wk.4.7.2
2017-02-24 08:59:08;7783613;access;Wk.4.7.2
2017-02-24 08:59:10;7783692;access;Wk.4.7.2
2017-02-24 08:59:22;7783656;access;Wk.4.7.2
2017-02-28 11:39:04;7783377;access;Wk.4.7.2
2017-03-03 09:32:51;7783377;access;Wk.4.7.2
2017-03-04 20:07:50;7783738;access;Wk.4.7.2
2017-03-06 12:14:32;7783409;access;Wk.4.7.2
2017-03-12 18:06:57;3346837;access;Wk.4.7.2
2017-03-13 23:51:33;3346075;access;Wk.4.7.2
2017-03-14 00:47:58;7783604;access;Wk.4.7.2
2017-03-15 02:38:07;3347770;access;Wk.4.7.2
2017-03-15 13:34:15;7783705;access;Wk.4.7.2
2017-03-15 13:34:15;7783656;access;Wk.4.7.2
2017-03-22 17:18:26;7783757;access;Wk.4.7.2
2017-04-17 01:13:02;7783400;access;Wk.4.7.2
2017-04-18 12:08:21;7783626;access;Wk.4.7.2
2017-04-19 18:51:15;7783400;access;Wk.4.7.2
2017-04-21 17:58:01;7783400;access;Wk.4.7.2
2017-04-28 13:06:46;7783623;access;Wk.4.7.2
2017-02-16 15:59:03;3347761;access;Wk.4.7.3
2017-02-16 15:59:03;7783659;access;Wk.4.7.3
2017-02-16 15:59:08;7783378;access;Wk.4.7.3
2017-02-16 15:59:09;3347726;access;Wk.4.7.3
2017-02-16 15:59:11;3347743;access;Wk.4.7.3
2017-02-16 15:59:11;3347736;access;Wk.4.7.3
2017-02-16 15:59:12;7783659;access;Wk.4.7.3
2017-02-16 15:59:15;3347735;access;Wk.4.7.3
2017-02-16 15:59:17;3347671;access;Wk.4.7.3
2017-02-16 15:59:20;7783414;access;Wk.4.7.3
2017-02-16 15:59:21;7783588;access;Wk.4.7.3
2017-02-16 15:59:25;3347763;access;Wk.4.7.3
2017-02-16 15:59:25;7783438;access;Wk.4.7.3
2017-02-16 15:59:27;7783370;access;Wk.4.7.3
2017-02-16 15:59:27;7783596;access;Wk.4.7.3
2017-02-16 15:59:28;7783559;access;Wk.4.7.3
2017-02-16 15:59:29;7783764;access;Wk.4.7.3
2017-02-16 15:59:32;3346086;access;Wk.4.7.3
2017-02-16 15:59:32;3347674;access;Wk.4.7.3
2017-02-16 15:59:34;7783726;access;Wk.4.7.3
2017-02-16 15:59:35;7783498;access;Wk.4.7.3
2017-02-16 15:59:36;3347734;access;Wk.4.7.3
2017-02-16 15:59:38;7783418;access;Wk.4.7.3
2017-02-16 15:59:39;7783536;access;Wk.4.7.3
2017-02-16 15:59:40;7783410;access;Wk.4.7.3
2017-02-16 15:59:43;7783591;access;Wk.4.7.3
2017-02-16 15:59:44;7783547;access;Wk.4.7.3
2017-02-16 15:59:45;3347679;access;Wk.4.7.3
2017-02-16 15:59:47;3347673;access;Wk.4.7.3
2017-02-16 15:59:47;7783688;access;Wk.4.7.3
2017-02-16 15:59:50;3347723;access;Wk.4.7.3
2017-02-16 15:59:50;7783487;access;Wk.4.7.3
2017-02-16 15:59:51;7783517;access;Wk.4.7.3
2017-02-16 15:59:51;7783703;access;Wk.4.7.3
2017-02-16 15:59:52;3347683;access;Wk.4.7.3
2017-02-16 15:59:53;7783731;access;Wk.4.7.3
2017-02-16 15:59:54;3347785;access;Wk.4.7.3
2017-02-16 15:59:55;7783491;access;Wk.4.7.3
2017-02-16 15:59:59;7783417;access;Wk.4.7.3
2017-02-16 15:59:59;3347811;access;Wk.4.7.3
2017-02-16 16:00:00;7783432;access;Wk.4.7.3
2017-02-16 16:00:05;3347700;access;Wk.4.7.3
2017-02-16 16:00:06;3347729;access;Wk.4.7.3
2017-02-16 16:00:06;7783472;access;Wk.4.7.3
2017-02-16 16:00:07;7783558;access;Wk.4.7.3
2017-02-16 16:00:07;7783558;access;Wk.4.7.3
2017-02-16 16:00:07;7783475;access;Wk.4.7.3
2017-02-16 16:00:08;7783594;access;Wk.4.7.3
2017-02-16 16:00:08;7783622;access;Wk.4.7.3
2017-02-16 16:00:09;3347793;access;Wk.4.7.3
2017-02-16 16:00:11;7783382;access;Wk.4.7.3
2017-02-16 16:00:11;7783435;access;Wk.4.7.3
2017-02-16 16:00:12;7783419;access;Wk.4.7.3
2017-02-16 16:00:24;7783484;access;Wk.4.7.3
2017-02-16 16:00:26;7783583;access;Wk.4.7.3
2017-02-16 16:00:30;7783602;access;Wk.4.7.3
2017-02-16 16:00:30;3347401;access;Wk.4.7.3
2017-02-16 16:00:30;7783452;access;Wk.4.7.3
2017-02-16 16:00:42;3347774;access;Wk.4.7.3
2017-02-16 16:00:44;7783372;access;Wk.4.7.3
2017-02-16 16:00:51;7783659;access;Wk.4.7.3
2017-02-16 16:00:52;7783426;access;Wk.4.7.3
2017-02-16 16:00:54;3347695;access;Wk.4.7.3
2017-02-16 16:00:55;7783548;access;Wk.4.7.3
2017-02-16 16:00:57;3347696;access;Wk.4.7.3
2017-02-16 16:00:58;3347750;access;Wk.4.7.3
2017-02-16 16:01:13;7783422;access;Wk.4.7.3
2017-02-16 16:01:34;3347671;access;Wk.4.7.3
2017-02-16 16:01:36;3347740;access;Wk.4.7.3
2017-02-16 16:01:38;3347671;submit-real;Wk.4.7.3
2017-02-16 16:01:53;7783598;access;Wk.4.7.3
2017-02-16 16:02:01;3347723;access;Wk.4.7.3
2017-02-16 16:02:15;7783422;access;Wk.4.7.3
2017-02-16 16:02:19;7783555;access;Wk.4.7.3
2017-02-16 16:02:32;7783647;access;Wk.4.7.3
2017-02-16 16:02:32;7783647;access;Wk.4.7.3
2017-02-16 16:02:47;7783413;access;Wk.4.7.3
2017-02-16 16:03:19;7783516;access;Wk.4.7.3
2017-02-16 16:03:44;7783711;access;Wk.4.7.3
2017-02-16 16:03:47;7783370;access;Wk.4.7.3
2017-02-16 16:03:48;3347811;submit-real;Wk.4.7.3
2017-02-16 16:03:48;3347723;submit-real;Wk.4.7.3
2017-02-16 16:03:51;7783426;submit-real;Wk.4.7.3
2017-02-16 16:03:53;3347734;submit-real;Wk.4.7.3
2017-02-16 16:03:59;7783426;submit-real;Wk.4.7.3
2017-02-16 16:04:00;7783628;access;Wk.4.7.3
2017-02-16 16:04:05;3347789;access;Wk.4.7.3
2017-02-16 16:04:07;7783628;submit-real;Wk.4.7.3
2017-02-16 16:04:09;7783370;submit-real;Wk.4.7.3
2017-02-16 16:04:16;7783378;submit-real;Wk.4.7.3
2017-02-16 16:04:56;3347723;submit-real;Wk.4.7.3
2017-02-16 16:05:08;3347723;submit-real;Wk.4.7.3
2017-02-16 16:05:21;7783372;submit-real;Wk.4.7.3
2017-02-16 16:05:25;3347673;submit-real;Wk.4.7.3
2017-02-16 16:05:26;7783438;submit-real;Wk.4.7.3
2017-02-16 16:05:27;3347673;submit-real;Wk.4.7.3
2017-02-16 16:05:30;7783481;access;Wk.4.7.3
2017-02-16 16:05:35;3347697;access;Wk.4.7.3
2017-02-16 16:05:35;7783438;submit-real;Wk.4.7.3
2017-02-16 16:05:36;7783481;submit-real;Wk.4.7.3
2017-02-16 16:05:37;3347808;access;Wk.4.7.3
2017-02-16 16:05:39;3347726;access;Wk.4.7.3
2017-02-16 16:05:43;3347726;submit-real;Wk.4.7.3
2017-02-16 16:05:53;3347736;submit-real;Wk.4.7.3
2017-02-16 16:05:54;3347808;submit-real;Wk.4.7.3
2017-02-16 16:06:02;3347700;submit-real;Wk.4.7.3
2017-02-16 16:06:07;3347797;access;Wk.4.7.3
2017-02-16 16:06:14;7783547;access;Wk.4.7.3
2017-02-16 16:06:18;3347706;access;Wk.4.7.3
2017-02-16 16:06:22;3347743;submit-real;Wk.4.7.3
2017-02-16 16:06:30;7783432;submit-real;Wk.4.7.3
2017-02-16 16:06:35;7783452;submit-real;Wk.4.7.3
2017-02-16 16:06:37;3347797;submit-real;Wk.4.7.3
2017-02-16 16:06:39;3347808;submit-real;Wk.4.7.3
2017-02-16 16:06:40;7783382;submit-real;Wk.4.7.3
2017-02-16 16:06:42;3347706;submit-real;Wk.4.7.3
2017-02-16 16:06:43;7783688;submit-real;Wk.4.7.3
2017-02-16 16:06:46;7783382;submit-real;Wk.4.7.3
2017-02-16 16:06:48;7783598;submit-real;Wk.4.7.3
2017-02-16 16:06:48;7783731;submit-real;Wk.4.7.3
2017-02-16 16:06:55;7783688;submit-real;Wk.4.7.3
2017-02-16 16:07:05;3347401;submit-real;Wk.4.7.3
2017-02-16 16:07:05;7783414;submit-real;Wk.4.7.3
2017-02-16 16:07:12;7783382;access;Wk.4.7.3
2017-02-16 16:07:15;7783764;access;Wk.4.7.3
2017-02-16 16:07:18;7783764;submit-real;Wk.4.7.3
2017-02-16 16:07:42;7783410;submit-real;Wk.4.7.3
2017-02-16 16:07:47;3346086;submit-real;Wk.4.7.3
2017-02-16 16:07:49;7783435;submit-real;Wk.4.7.3
2017-02-16 16:07:51;3347459;access;Wk.4.7.3
2017-02-16 16:07:54;3347259;access;Wk.4.7.3
2017-02-16 16:07:57;7783419;access;Wk.4.7.3
2017-02-16 16:08:07;7783603;access;Wk.4.7.3
2017-02-16 16:08:10;7783419;submit-real;Wk.4.7.3
2017-02-16 16:08:23;3347761;submit-real;Wk.4.7.3
2017-02-16 16:08:34;7783452;submit-real;Wk.4.7.3
2017-02-16 16:08:38;3347459;submit-real;Wk.4.7.3
2017-02-16 16:08:41;3347459;submit-real;Wk.4.7.3
2017-02-16 16:08:53;3347774;submit-real;Wk.4.7.3
2017-02-16 16:08:55;7783371;access;Wk.4.7.3
2017-02-16 16:08:55;7783548;access;Wk.4.7.3
2017-02-16 16:08:55;7783746;access;Wk.4.7.3
2017-02-16 16:08:57;7783548;submit-real;Wk.4.7.3
2017-02-16 16:09:11;7783723;access;Wk.4.7.3
2017-02-16 16:09:15;7783371;access;Wk.4.7.3
2017-02-16 16:09:19;3347695;access;Wk.4.7.3
2017-02-16 16:09:22;3347695;submit-real;Wk.4.7.3
2017-02-16 16:09:23;7783438;access;Wk.4.7.3
2017-02-16 16:09:24;7783759;access;Wk.4.7.3
2017-02-16 16:09:25;7783371;access;Wk.4.7.3
2017-02-16 16:09:27;7783547;submit-real;Wk.4.7.3
2017-02-16 16:09:27;7783413;submit-real;Wk.4.7.3
2017-02-16 16:09:28;7783723;submit-real;Wk.4.7.3
2017-02-16 16:09:29;7783371;submit-real;Wk.4.7.3
2017-02-16 16:09:30;7783602;submit-real;Wk.4.7.3
2017-02-16 16:09:33;7783723;submit-real;Wk.4.7.3
2017-02-16 16:09:34;7783536;submit-real;Wk.4.7.3
2017-02-16 16:09:38;3346086;submit-real;Wk.4.7.3
2017-02-16 16:09:39;7783536;submit-real;Wk.4.7.3
2017-02-16 16:09:52;7783759;submit-real;Wk.4.7.3
2017-02-16 16:10:01;7783684;access;Wk.4.7.3
2017-02-16 16:10:03;7783659;submit-real;Wk.4.7.3
2017-02-16 16:10:12;7783684;submit-real;Wk.4.7.3
2017-02-16 16:10:14;7783487;submit-real;Wk.4.7.3
2017-02-16 16:10:23;7783647;submit-real;Wk.4.7.3
2017-02-16 16:10:24;3347674;submit-real;Wk.4.7.3
2017-02-16 16:10:36;7783517;submit-real;Wk.4.7.3
2017-02-16 16:10:39;7783517;submit-real;Wk.4.7.3
2017-02-16 16:10:53;7783727;access;Wk.4.7.3
2017-02-16 16:10:57;3347683;submit-real;Wk.4.7.3
2017-02-16 16:11:06;7783703;submit-real;Wk.4.7.3
2017-02-16 16:11:15;7783744;access;Wk.4.7.3
2017-02-16 16:12:02;7783583;access;Wk.4.7.3
2017-02-16 16:12:04;7783472;submit-real;Wk.4.7.3
2017-02-16 16:12:07;3347750;submit-real;Wk.4.7.3
2017-02-16 16:12:11;3347750;submit-real;Wk.4.7.3
2017-02-16 16:12:14;7783488;access;Wk.4.7.3
2017-02-16 16:12:32;7783422;access;Wk.4.7.3
2017-02-16 16:12:41;7783422;submit-real;Wk.4.7.3
2017-02-16 16:12:46;7783475;submit-real;Wk.4.7.3
2017-02-16 16:12:48;7783583;submit-real;Wk.4.7.3
2017-02-16 16:12:49;7783475;submit-real;Wk.4.7.3
2017-02-16 16:12:52;7783746;submit-real;Wk.4.7.3
2017-02-16 16:12:53;7783744;submit-real;Wk.4.7.3
2017-02-16 16:12:55;7783591;submit-real;Wk.4.7.3
2017-02-16 16:13:01;7783591;submit-real;Wk.4.7.3
2017-02-16 16:13:01;7783744;submit-real;Wk.4.7.3
2017-02-16 16:13:02;7783418;submit-real;Wk.4.7.3
2017-02-16 16:13:06;7783418;submit-real;Wk.4.7.3
2017-02-16 16:13:10;7783622;submit-real;Wk.4.7.3
2017-02-16 16:13:17;7783731;access;Wk.4.7.3
2017-02-16 16:13:24;3347740;submit-real;Wk.4.7.3
2017-02-16 16:13:32;7783488;submit-real;Wk.4.7.3
2017-02-16 16:13:33;7783596;submit-real;Wk.4.7.3
2017-02-16 16:13:41;7783759;access;Wk.4.7.3
2017-02-16 16:13:43;7783555;access;Wk.4.7.3
2017-02-16 16:13:44;7783694;access;Wk.4.7.3
2017-02-16 16:13:46;7783726;submit-real;Wk.4.7.3
2017-02-16 16:13:47;7783596;submit-real;Wk.4.7.3
2017-02-16 16:13:51;7783417;submit-real;Wk.4.7.3
2017-02-16 16:13:53;7783622;access;Wk.4.7.3
2017-02-16 16:13:58;7783694;submit-real;Wk.4.7.3
2017-02-16 16:14:03;3346086;submit-real;Wk.4.7.3
2017-02-16 16:14:04;7783555;submit-real;Wk.4.7.3
2017-02-16 16:14:19;3347679;submit-real;Wk.4.7.3
2017-02-16 16:14:30;7783516;submit-real;Wk.4.7.3
2017-02-16 16:14:34;7783412;access;Wk.4.7.3
2017-02-16 16:14:35;3347696;submit-real;Wk.4.7.3
2017-02-16 16:14:35;7783495;access;Wk.4.7.3
2017-02-16 16:14:37;7783466;access;Wk.4.7.3
2017-02-16 16:14:42;3347763;submit-real;Wk.4.7.3
2017-02-16 16:14:42;7783727;submit-real;Wk.4.7.3
2017-02-16 16:14:44;3347684;access;Wk.4.7.3
2017-02-16 16:14:46;7783727;submit-real;Wk.4.7.3
2017-02-16 16:14:46;7783746;submit-real;Wk.4.7.3
2017-02-16 16:14:57;7783495;submit-real;Wk.4.7.3
2017-02-16 16:15:04;7783603;submit-real;Wk.4.7.3
2017-02-16 16:15:05;7783493;access;Wk.4.7.3
2017-02-16 16:15:07;7783711;access;Wk.4.7.3
2017-02-16 16:15:10;7783603;submit-real;Wk.4.7.3
2017-02-16 16:15:19;7783493;submit-real;Wk.4.7.3
2017-02-16 16:15:21;7783381;access;Wk.4.7.3
2017-02-16 16:15:23;3347259;submit-real;Wk.4.7.3
2017-02-16 16:15:23;3347684;submit-real;Wk.4.7.3
2017-02-16 16:15:24;7783498;submit-real;Wk.4.7.3
2017-02-16 16:15:26;3347793;submit-real;Wk.4.7.3
2017-02-16 16:15:26;7783381;submit-real;Wk.4.7.3
2017-02-16 16:15:28;7783711;submit-real;Wk.4.7.3
2017-02-16 16:15:34;7783381;submit-real;Wk.4.7.3
2017-02-16 16:15:42;7783466;submit-real;Wk.4.7.3
2017-02-16 16:15:43;3347785;submit-real;Wk.4.7.3
2017-02-16 16:15:48;3347697;submit-real;Wk.4.7.3
2017-02-16 16:15:51;7783559;access;Wk.4.7.3
2017-02-16 16:15:54;7783493;submit-real;Wk.4.7.3
2017-02-16 16:15:57;7783711;submit-real;Wk.4.7.3
2017-02-16 16:16:04;7783484;submit-real;Wk.4.7.3
2017-02-16 16:16:10;7783594;access;Wk.4.7.3
2017-02-16 16:16:10;7783491;submit-check;Wk.4.7.3
2017-02-16 16:16:10;3347735;submit-check;Wk.4.7.3
2017-02-16 16:16:13;3347729;submit-check;Wk.4.7.3
2017-02-16 16:16:14;3346086;submit-check;Wk.4.7.3
2017-02-16 16:16:17;7783503;access;Wk.4.7.3
2017-02-16 16:16:22;7783559;submit-check;Wk.4.7.3
2017-02-16 16:16:26;7783558;submit-check;Wk.4.7.3
2017-02-16 16:16:36;7783711;submit-check;Wk.4.7.3
2017-02-16 16:16:40;7783412;submit-check;Wk.4.7.3
2017-02-16 16:16:52;7783527;access;Wk.4.7.3
2017-02-16 16:16:52;7783588;submit-check;Wk.4.7.3
2017-02-16 16:17:14;7783412;access;Wk.4.7.3
2017-02-16 16:17:16;7783466;submit-check;Wk.4.7.3
2017-02-16 16:17:25;3347789;access;Wk.4.7.3
2017-02-16 16:17:53;7783527;access;Wk.4.7.3
2017-02-16 16:18:19;3347789;access;Wk.4.7.3
2017-02-16 16:18:28;7783382;access;Wk.4.7.3
2017-02-16 16:18:32;3347697;access;Wk.4.7.3
2017-02-16 16:18:33;7783371;access;Wk.4.7.3
2017-02-16 16:19:00;7783452;access;Wk.4.7.3
2017-02-16 16:19:23;7783594;access;Wk.4.7.3
2017-02-16 16:19:27;3347789;access;Wk.4.7.3
2017-02-16 16:19:37;3347790;access;Wk.4.7.3
2017-02-16 16:19:39;7783596;access;Wk.4.7.3
2017-02-16 16:19:39;7783731;access;Wk.4.7.3
2017-02-16 16:20:54;7783419;access;Wk.4.7.3
2017-02-16 16:22:24;3347729;access;Wk.4.7.3
2017-02-16 16:26:51;7783558;access;Wk.4.7.3
2017-02-16 16:27:48;7783484;access;Wk.4.7.3
2017-02-16 16:27:49;3347679;access;Wk.4.7.3
2017-02-16 16:28:03;7783484;access;Wk.4.7.3
2017-02-16 16:30:24;3347695;access;Wk.4.7.3
2017-02-16 19:22:59;7783412;access;Wk.4.7.3
2017-02-16 20:55:16;7783412;access;Wk.4.7.3
2017-02-16 22:41:24;3347679;access;Wk.4.7.3
2017-02-17 00:04:54;3346125;access;Wk.4.7.3
2017-02-17 00:15:18;7783412;access;Wk.4.7.3
2017-02-17 11:21:46;7783370;access;Wk.4.7.3
2017-02-18 01:25:44;7783412;access;Wk.4.7.3
2017-02-18 13:28:23;7783412;access;Wk.4.7.3
2017-02-19 18:37:05;7783594;access;Wk.4.7.3
2017-02-20 03:05:34;7783583;access;Wk.4.7.3
2017-02-20 12:42:02;7783422;access;Wk.4.7.3
2017-02-21 01:44:47;7783594;access;Wk.4.7.3
2017-02-21 14:56:16;3347723;access;Wk.4.7.3
2017-02-21 14:56:26;3347729;access;Wk.4.7.3
2017-02-21 14:56:28;7783370;access;Wk.4.7.3
2017-02-21 20:55:05;7783498;access;Wk.4.7.3
2017-02-21 22:13:47;7783382;access;Wk.4.7.3
2017-02-23 23:29:34;7783370;access;Wk.4.7.3
2017-03-01 11:17:47;3347679;access;Wk.4.7.3
2017-03-05 23:05:44;3347729;access;Wk.4.7.3
2017-03-09 17:48:56;7783685;access;Wk.4.7.3
2017-03-10 18:36:54;7783688;access;Wk.4.7.3
2017-03-14 03:09:47;3347811;access;Wk.4.7.3
2017-03-14 12:32:53;3347763;access;Wk.4.7.3
2017-03-14 22:16:51;3347729;access;Wk.4.7.3
2017-03-15 01:42:53;3347679;access;Wk.4.7.3
2017-03-15 02:53:30;7783452;access;Wk.4.7.3
2017-03-15 12:10:26;7783516;access;Wk.4.7.3
2017-03-28 14:16:59;3347729;access;Wk.4.7.3
2017-03-30 16:23:10;7783516;access;Wk.4.7.3
2017-04-03 19:05:55;7783596;access;Wk.4.7.3
2017-04-18 16:40:25;3347789;access;Wk.4.7.3
2017-04-18 17:12:52;3347697;access;Wk.4.7.3
2017-04-19 23:52:51;7783484;access;Wk.4.7.3
2017-04-24 18:53:02;3347679;access;Wk.4.7.3
2017-02-16 08:59:06;7783406;access;Wk.4.7.4
2017-02-16 08:59:17;3347690;access;Wk.4.7.4
2017-02-16 09:00:06;7783677;access;Wk.4.7.4
2017-02-16 09:00:18;3347698;access;Wk.4.7.4
2017-02-16 09:00:19;7783737;access;Wk.4.7.4
2017-02-16 09:00:26;3347772;access;Wk.4.7.4
2017-02-16 09:00:40;7783423;access;Wk.4.7.4
2017-02-16 09:00:46;3347746;access;Wk.4.7.4
2017-02-16 09:00:51;3347760;access;Wk.4.7.4
2017-02-16 09:01:40;7783391;access;Wk.4.7.4
2017-02-16 09:02:06;7783459;access;Wk.4.7.4
2017-02-16 09:02:10;7783444;access;Wk.4.7.4
2017-02-16 09:03:14;3347759;access;Wk.4.7.4
2017-02-16 09:03:24;7783397;access;Wk.4.7.4
2017-02-16 09:04:26;7783497;access;Wk.4.7.4
2017-02-16 09:04:49;7783532;access;Wk.4.7.4
2017-02-16 09:05:24;7783459;access;Wk.4.7.4
2017-02-16 09:05:38;7783653;access;Wk.4.7.4
2017-02-16 09:06:02;7783549;access;Wk.4.7.4
2017-02-16 09:06:02;7783713;access;Wk.4.7.4
2017-02-16 09:06:06;7783506;access;Wk.4.7.4
2017-02-16 09:06:10;3347771;access;Wk.4.7.4
2017-02-16 09:06:15;3347769;access;Wk.4.7.4
2017-02-16 09:06:29;3347769;access;Wk.4.7.4
2017-02-16 09:06:36;7783606;access;Wk.4.7.4
2017-02-16 09:06:48;7783660;access;Wk.4.7.4
2017-02-16 09:06:57;3347717;access;Wk.4.7.4
2017-02-16 09:07:19;7783391;access;Wk.4.7.4
2017-02-16 09:07:40;7783391;submit-real;Wk.4.7.4
2017-02-16 09:07:41;7783406;submit-real;Wk.4.7.4
2017-02-16 09:07:41;7783519;access;Wk.4.7.4
2017-02-16 09:08:35;3347771;access;Wk.4.7.4
2017-02-16 09:09:00;3347772;access;Wk.4.7.4
2017-02-16 09:09:07;3347772;submit-real;Wk.4.7.4
2017-02-16 09:09:10;7783668;access;Wk.4.7.4
2017-02-16 09:09:18;7783590;access;Wk.4.7.4
2017-02-16 09:09:26;7783427;access;Wk.4.7.4
2017-02-16 09:09:35;3347698;submit-real;Wk.4.7.4
2017-02-16 09:09:54;7783427;submit-real;Wk.4.7.4
2017-02-16 09:10:25;7783658;access;Wk.4.7.4
2017-02-16 09:10:25;7783549;access;Wk.4.7.4
2017-02-16 09:10:28;3347690;access;Wk.4.7.4
2017-02-16 09:10:30;7783549;submit-real;Wk.4.7.4
2017-02-16 09:10:35;3347690;submit-real;Wk.4.7.4
2017-02-16 09:10:36;7783592;access;Wk.4.7.4
2017-02-16 09:10:52;7783615;access;Wk.4.7.4
2017-02-16 09:10:54;7783427;submit-real;Wk.4.7.4
2017-02-16 09:11:05;7783643;access;Wk.4.7.4
2017-02-16 09:11:08;7783615;submit-real;Wk.4.7.4
2017-02-16 09:11:10;3347759;submit-real;Wk.4.7.4
2017-02-16 09:11:13;7783760;access;Wk.4.7.4
2017-02-16 09:11:19;7783677;submit-real;Wk.4.7.4
2017-02-16 09:11:21;7783459;submit-real;Wk.4.7.4
2017-02-16 09:11:22;7783620;access;Wk.4.7.4
2017-02-16 09:11:28;7783459;submit-real;Wk.4.7.4
2017-02-16 09:11:34;7783423;submit-real;Wk.4.7.4
2017-02-16 09:11:58;7783677;access;Wk.4.7.4
2017-02-16 09:12:15;7783651;access;Wk.4.7.4
2017-02-16 09:12:15;7783643;access;Wk.4.7.4
2017-02-16 09:12:16;7783658;access;Wk.4.7.4
2017-02-16 09:12:19;7783643;submit-real;Wk.4.7.4
2017-02-16 09:12:25;7783651;access;Wk.4.7.4
2017-02-16 09:12:27;7783399;access;Wk.4.7.4
2017-02-16 09:12:36;7783399;access;Wk.4.7.4
2017-02-16 09:12:46;7783658;submit-real;Wk.4.7.4
2017-02-16 09:12:46;7783745;access;Wk.4.7.4
2017-02-16 09:12:50;3347800;access;Wk.4.7.4
2017-02-16 09:12:59;3347800;access;Wk.4.7.4
2017-02-16 09:13:05;3347800;submit-real;Wk.4.7.4
2017-02-16 09:13:14;7783444;submit-real;Wk.4.7.4
2017-02-16 09:13:37;7783651;submit-real;Wk.4.7.4
2017-02-16 09:13:53;7783444;submit-real;Wk.4.7.4
2017-02-16 09:14:34;7783500;access;Wk.4.7.4
2017-02-16 09:14:38;7783749;access;Wk.4.7.4
2017-02-16 09:14:40;7783658;access;Wk.4.7.4
2017-02-16 09:14:42;7783668;access;Wk.4.7.4
2017-02-16 09:14:47;7783749;access;Wk.4.7.4
2017-02-16 09:14:52;3347799;access;Wk.4.7.4
2017-02-16 09:14:53;7783459;access;Wk.4.7.4
2017-02-16 09:15:01;7783653;access;Wk.4.7.4
2017-02-16 09:15:04;7783749;submit-real;Wk.4.7.4
2017-02-16 09:15:04;7783653;submit-real;Wk.4.7.4
2017-02-16 09:15:22;3347771;submit-real;Wk.4.7.4
2017-02-16 09:15:28;3347760;submit-real;Wk.4.7.4
2017-02-16 09:15:30;3347760;submit-real;Wk.4.7.4
2017-02-16 09:15:31;7783497;submit-real;Wk.4.7.4
2017-02-16 09:15:32;3347760;submit-real;Wk.4.7.4
2017-02-16 09:15:38;3347760;submit-real;Wk.4.7.4
2017-02-16 09:15:43;7783397;submit-real;Wk.4.7.4
2017-02-16 09:15:43;7783497;submit-real;Wk.4.7.4
2017-02-16 09:15:46;7783405;access;Wk.4.7.4
2017-02-16 09:15:56;7783497;submit-real;Wk.4.7.4
2017-02-16 09:16:00;7783653;submit-real;Wk.4.7.4
2017-02-16 09:16:07;3347746;submit-real;Wk.4.7.4
2017-02-16 09:16:11;7783592;submit-check;Wk.4.7.4
2017-02-16 09:16:17;7783737;submit-check;Wk.4.7.4
2017-02-16 09:16:18;7783678;access;Wk.4.7.4
2017-02-16 09:16:21;7783384;access;Wk.4.7.4
2017-02-16 09:16:21;3347727;access;Wk.4.7.4
2017-02-16 09:16:22;7783405;access;Wk.4.7.4
2017-02-16 09:16:29;7783745;access;Wk.4.7.4
2017-02-16 09:16:31;7783668;submit-check;Wk.4.7.4
2017-02-16 09:16:42;7783532;submit-check;Wk.4.7.4
2017-02-16 09:16:45;7783454;access;Wk.4.7.4
2017-02-16 09:16:48;3347717;access;Wk.4.7.4
2017-02-16 09:16:54;7783713;submit-check;Wk.4.7.4
2017-02-16 09:16:58;7783506;submit-check;Wk.4.7.4
2017-02-16 09:17:02;7783519;submit-check;Wk.4.7.4
2017-02-16 09:17:06;7783399;submit-check;Wk.4.7.4
2017-02-16 09:17:08;7783696;access;Wk.4.7.4
2017-02-16 09:17:11;7783760;access;Wk.4.7.4
2017-02-16 09:17:19;7783399;submit-check;Wk.4.7.4
2017-02-16 09:17:22;7783606;submit-check;Wk.4.7.4
2017-02-16 09:17:22;7783399;submit-real;Wk.4.7.4
2017-02-16 09:17:31;7783760;submit-real;Wk.4.7.4
2017-02-16 09:17:31;3347799;submit-check;Wk.4.7.4
2017-02-16 09:17:39;3347769;submit-check;Wk.4.7.4
2017-02-16 09:17:42;7783760;access;Wk.4.7.4
2017-02-16 09:17:46;7783532;access;Wk.4.7.4
2017-02-16 09:17:50;7783590;submit-check;Wk.4.7.4
2017-02-16 09:17:58;7783620;submit-check;Wk.4.7.4
2017-02-16 09:18:12;7783405;access;Wk.4.7.4
2017-02-16 09:18:43;7783615;access;Wk.4.7.4
2017-02-16 09:19:06;7783500;submit-check;Wk.4.7.4
2017-02-16 09:19:57;7783660;submit-check;Wk.4.7.4
2017-02-16 09:20:31;7783615;access;Wk.4.7.4
2017-02-16 09:20:38;7783405;access;Wk.4.7.4
2017-02-16 09:21:14;3347772;access;Wk.4.7.4
2017-02-16 09:22:01;7783549;access;Wk.4.7.4
2017-02-16 09:22:13;7783696;access;Wk.4.7.4
2017-02-16 09:22:15;7783532;access;Wk.4.7.4
2017-02-16 09:27:13;7783590;access;Wk.4.7.4
2017-02-16 09:46:32;7783442;access;Wk.4.7.4
2017-02-17 13:22:10;3347727;access;Wk.4.7.4
2017-02-20 23:51:48;7783677;access;Wk.4.7.4
2017-02-21 08:26:22;7783677;access;Wk.4.7.4
2017-02-21 08:29:23;7783677;access;Wk.4.7.4
2017-02-23 09:23:18;7783749;access;Wk.4.7.4
2017-03-02 00:33:40;7783581;access;Wk.4.7.4
2017-03-02 21:39:00;7783615;access;Wk.4.7.4
2017-03-14 10:15:03;7783660;access;Wk.4.7.4
2017-03-14 19:37:25;7783658;access;Wk.4.7.4
2017-03-15 03:09:03;7783606;access;Wk.4.7.4
2017-03-15 14:27:14;7783549;access;Wk.4.7.4
2017-03-15 14:46:48;7783549;access;Wk.4.7.4
2017-03-15 15:35:50;7783549;access;Wk.4.7.4
2017-03-27 23:18:45;7783643;access;Wk.4.7.4
2017-03-30 09:30:08;7783677;access;Wk.4.7.4
2017-04-18 02:00:25;7783615;access;Wk.4.7.4
2017-02-16 10:59:02;3347311;access;Wk.4.7.5
2017-02-16 10:59:13;7783441;access;Wk.4.7.5
2017-02-16 10:59:15;7783494;access;Wk.4.7.5
2017-02-16 10:59:22;7783421;access;Wk.4.7.5
2017-02-16 10:59:25;3347722;access;Wk.4.7.5
2017-02-16 10:59:29;7783593;access;Wk.4.7.5
2017-02-16 10:59:30;7783650;access;Wk.4.7.5
2017-02-16 10:59:30;7783486;access;Wk.4.7.5
2017-02-16 10:59:31;3347712;access;Wk.4.7.5
2017-02-16 10:59:39;3347741;access;Wk.4.7.5
2017-02-16 10:59:39;7783525;access;Wk.4.7.5
2017-02-16 10:59:43;7783526;access;Wk.4.7.5
2017-02-16 10:59:45;3347691;access;Wk.4.7.5
2017-02-16 10:59:46;7783568;access;Wk.4.7.5
2017-02-16 10:59:53;7783369;access;Wk.4.7.5
2017-02-16 10:59:54;7783714;access;Wk.4.7.5
2017-02-16 10:59:55;7783564;access;Wk.4.7.5
2017-02-16 10:59:58;7783509;access;Wk.4.7.5
2017-02-16 10:59:58;7783408;access;Wk.4.7.5
2017-02-16 10:59:58;7783396;access;Wk.4.7.5
2017-02-16 11:00:03;7783679;access;Wk.4.7.5
2017-02-16 11:00:03;7783386;access;Wk.4.7.5
2017-02-16 11:00:04;3347767;access;Wk.4.7.5
2017-02-16 11:00:04;7783482;access;Wk.4.7.5
2017-02-16 11:00:04;7783455;access;Wk.4.7.5
2017-02-16 11:00:06;7783440;access;Wk.4.7.5
2017-02-16 11:00:11;7783429;access;Wk.4.7.5
2017-02-16 11:00:23;7783562;access;Wk.4.7.5
2017-02-16 11:00:52;7783720;access;Wk.4.7.5
2017-02-16 11:00:53;7783699;access;Wk.4.7.5
2017-02-16 11:01:16;7783750;access;Wk.4.7.5
2017-02-16 11:02:23;7783380;access;Wk.4.7.5
2017-02-16 11:03:14;3347739;access;Wk.4.7.5
2017-02-16 11:03:26;3347691;submit-real;Wk.4.7.5
2017-02-16 11:03:40;7783666;access;Wk.4.7.5
2017-02-16 11:04:35;7783440;submit-real;Wk.4.7.5
2017-02-16 11:04:54;3347722;submit-real;Wk.4.7.5
2017-02-16 11:04:56;7783679;submit-real;Wk.4.7.5
2017-02-16 11:05:14;7783739;access;Wk.4.7.5
2017-02-16 11:05:22;7783562;access;Wk.4.7.5
2017-02-16 11:05:26;7783562;submit-real;Wk.4.7.5
2017-02-16 11:05:45;3347712;submit-real;Wk.4.7.5
2017-02-16 11:05:54;7783739;submit-real;Wk.4.7.5
2017-02-16 11:06:01;7783421;submit-real;Wk.4.7.5
2017-02-16 11:06:15;7783396;submit-real;Wk.4.7.5
2017-02-16 11:06:24;7783739;submit-real;Wk.4.7.5
2017-02-16 11:06:31;7783739;submit-real;Wk.4.7.5
2017-02-16 11:06:36;7783650;submit-real;Wk.4.7.5
2017-02-16 11:06:41;7783421;submit-real;Wk.4.7.5
2017-02-16 11:06:49;7783650;submit-real;Wk.4.7.5
2017-02-16 11:06:49;7783441;submit-real;Wk.4.7.5
2017-02-16 11:06:55;7783509;access;Wk.4.7.5
2017-02-16 11:06:59;7783509;submit-real;Wk.4.7.5
2017-02-16 11:07:22;7783672;access;Wk.4.7.5
2017-02-16 11:07:47;7783672;submit-real;Wk.4.7.5
2017-02-16 11:07:49;7783679;access;Wk.4.7.5
2017-02-16 11:08:38;7783561;access;Wk.4.7.5
2017-02-16 11:08:50;3347510;access;Wk.4.7.5
2017-02-16 11:09:01;7783550;access;Wk.4.7.5
2017-02-16 11:09:27;3347768;access;Wk.4.7.5
2017-02-16 11:09:35;7783689;access;Wk.4.7.5
2017-02-16 11:09:42;7783550;submit-real;Wk.4.7.5
2017-02-16 11:09:51;7783714;submit-real;Wk.4.7.5
2017-02-16 11:09:53;7783689;submit-real;Wk.4.7.5
2017-02-16 11:10:08;7783369;submit-real;Wk.4.7.5
2017-02-16 11:10:33;7783525;submit-real;Wk.4.7.5
2017-02-16 11:10:41;7783561;submit-real;Wk.4.7.5
2017-02-16 11:11:01;7783369;submit-real;Wk.4.7.5
2017-02-16 11:11:25;7783666;submit-real;Wk.4.7.5
2017-02-16 11:11:36;7783597;access;Wk.4.7.5
2017-02-16 11:11:41;7783429;submit-real;Wk.4.7.5
2017-02-16 11:11:55;3347758;access;Wk.4.7.5
2017-02-16 11:12:17;7783597;access;Wk.4.7.5
2017-02-16 11:12:17;3347798;access;Wk.4.7.5
2017-02-16 11:12:33;3347768;submit-real;Wk.4.7.5
2017-02-16 11:12:50;7783679;submit-real;Wk.4.7.5
2017-02-16 11:12:58;7783750;submit-real;Wk.4.7.5
2017-02-16 11:13:02;3347767;submit-real;Wk.4.7.5
2017-02-16 11:13:40;7783482;submit-real;Wk.4.7.5
2017-02-16 11:13:41;3347311;access;Wk.4.7.5
2017-02-16 11:13:45;7783597;submit-real;Wk.4.7.5
2017-02-16 11:13:56;3347311;submit-real;Wk.4.7.5
2017-02-16 11:14:13;7783526;submit-real;Wk.4.7.5
2017-02-16 11:14:21;7783663;access;Wk.4.7.5
2017-02-16 11:14:33;7783455;submit-real;Wk.4.7.5
2017-02-16 11:15:06;7783494;submit-real;Wk.4.7.5
2017-02-16 11:15:10;7783720;submit-real;Wk.4.7.5
2017-02-16 11:15:11;7783526;submit-real;Wk.4.7.5
2017-02-16 11:15:12;3347745;access;Wk.4.7.5
2017-02-16 11:15:12;3347758;submit-real;Wk.4.7.5
2017-02-16 11:15:15;3347767;submit-real;Wk.4.7.5
2017-02-16 11:15:20;3347745;submit-real;Wk.4.7.5
2017-02-16 11:15:23;3347741;submit-real;Wk.4.7.5
2017-02-16 11:15:29;3347739;submit-real;Wk.4.7.5
2017-02-16 11:15:29;3347510;submit-real;Wk.4.7.5
2017-02-16 11:15:30;7783486;submit-real;Wk.4.7.5
2017-02-16 11:15:31;3347798;submit-real;Wk.4.7.5
2017-02-16 11:15:33;7783699;submit-real;Wk.4.7.5
2017-02-16 11:15:34;7783408;submit-real;Wk.4.7.5
2017-02-16 11:15:36;7783486;submit-real;Wk.4.7.5
2017-02-16 11:15:39;3347311;submit-real;Wk.4.7.5
2017-02-16 11:15:47;7783593;submit-real;Wk.4.7.5
2017-02-16 11:15:59;3347510;submit-real;Wk.4.7.5
2017-02-16 11:16:00;7783739;access;Wk.4.7.5
2017-02-16 11:16:15;7783386;access;Wk.4.7.5
2017-02-16 11:16:23;7783380;submit-check;Wk.4.7.5
2017-02-16 11:16:30;7783663;submit-check;Wk.4.7.5
2017-02-16 11:16:34;7783574;access;Wk.4.7.5
2017-02-16 11:16:53;3347739;submit-real;Wk.4.7.5
2017-02-16 11:16:55;7783568;submit-check;Wk.4.7.5
2017-02-16 11:17:09;7783564;submit-check;Wk.4.7.5
2017-02-16 11:18:35;7783455;access;Wk.4.7.5
2017-02-16 11:21:42;7783564;access;Wk.4.7.5
2017-02-16 11:33:03;7783593;access;Wk.4.7.5
2017-02-16 11:43:22;7783486;submit-real;Wk.4.7.5
2017-02-16 11:48:46;7783441;access;Wk.4.7.5
2017-02-16 11:53:32;7783441;access;Wk.4.7.5
2017-02-16 16:40:03;3347311;access;Wk.4.7.5
2017-02-16 23:36:14;7783469;access;Wk.4.7.5
2017-02-20 02:31:47;7783574;access;Wk.4.7.5
2017-02-20 16:08:15;3347510;access;Wk.4.7.5
2017-02-21 00:05:37;3347739;access;Wk.4.7.5
2017-02-21 01:38:15;7783469;access;Wk.4.7.5
2017-02-21 08:53:22;3347510;access;Wk.4.7.5
2017-02-21 10:21:57;3347311;access;Wk.4.7.5
2017-02-21 23:35:41;7783635;access;Wk.4.7.5
2017-02-23 10:55:21;7783720;access;Wk.4.7.5
2017-02-23 11:23:01;7783494;access;Wk.4.7.5
2017-02-23 11:28:08;7783597;access;Wk.4.7.5
2017-02-23 11:39:38;7783593;access;Wk.4.7.5
2017-02-25 14:14:13;7783593;access;Wk.4.7.5
2017-03-03 23:19:32;7783525;access;Wk.4.7.5
2017-03-07 01:00:54;7783699;access;Wk.4.7.5
2017-03-13 13:29:59;7783720;access;Wk.4.7.5
2017-03-13 13:31:07;7783720;access;Wk.4.7.5
2017-03-13 13:31:27;7783720;access;Wk.4.7.5
2017-03-13 13:32:09;7783720;access;Wk.4.7.5
2017-03-13 13:32:48;7783720;access;Wk.4.7.5
2017-03-13 14:11:10;7783739;access;Wk.4.7.5
2017-03-13 15:33:47;7783663;access;Wk.4.7.5
2017-03-14 20:55:15;3347768;access;Wk.4.7.5
2017-03-15 08:12:07;7783720;access;Wk.4.7.5
2017-03-23 11:27:16;7783494;access;Wk.4.7.5
2017-04-24 17:27:45;3347741;access;Wk.4.7.5
2017-02-16 13:29:04;7783542;access;Wk.4.7.6
2017-02-16 13:29:16;3347783;access;Wk.4.7.6
2017-02-16 13:29:19;3347677;access;Wk.4.7.6
2017-02-16 13:29:22;3347720;access;Wk.4.7.6
2017-02-16 13:29:28;7783461;access;Wk.4.7.6
2017-02-16 13:29:32;3347688;access;Wk.4.7.6
2017-02-16 13:29:34;3347676;access;Wk.4.7.6
2017-02-16 13:29:39;7783403;access;Wk.4.7.6
2017-02-16 13:29:41;7783702;access;Wk.4.7.6
2017-02-16 13:29:41;3347805;access;Wk.4.7.6
2017-02-16 13:29:43;3347692;access;Wk.4.7.6
2017-02-16 13:29:46;3347672;access;Wk.4.7.6
2017-02-16 13:29:46;7783708;access;Wk.4.7.6
2017-02-16 13:29:49;3347752;access;Wk.4.7.6
2017-02-16 13:29:49;7783610;access;Wk.4.7.6
2017-02-16 13:29:52;3347711;access;Wk.4.7.6
2017-02-16 13:29:52;7783537;access;Wk.4.7.6
2017-02-16 13:29:54;7783394;access;Wk.4.7.6
2017-02-16 13:29:55;7783456;access;Wk.4.7.6
2017-02-16 13:29:55;7783706;access;Wk.4.7.6
2017-02-16 13:29:55;3347787;access;Wk.4.7.6
2017-02-16 13:29:57;3347788;access;Wk.4.7.6
2017-02-16 13:29:57;7783577;access;Wk.4.7.6
2017-02-16 13:29:58;7783450;access;Wk.4.7.6
2017-02-16 13:30:00;7783765;access;Wk.4.7.6
2017-02-16 13:30:01;3346654;access;Wk.4.7.6
2017-02-16 13:30:03;7783567;access;Wk.4.7.6
2017-02-16 13:30:03;7783691;access;Wk.4.7.6
2017-02-16 13:30:11;7783541;access;Wk.4.7.6
2017-02-16 13:30:13;7783393;access;Wk.4.7.6
2017-02-16 13:30:15;7783608;access;Wk.4.7.6
2017-02-16 13:30:20;7783465;access;Wk.4.7.6
2017-02-16 13:30:21;7783512;access;Wk.4.7.6
2017-02-16 13:30:31;7783510;access;Wk.4.7.6
2017-02-16 13:30:38;3347721;access;Wk.4.7.6
2017-02-16 13:30:49;7783430;access;Wk.4.7.6
2017-02-16 13:31:05;3347779;access;Wk.4.7.6
2017-02-16 13:31:06;3347781;access;Wk.4.7.6
2017-02-16 13:31:09;7783589;access;Wk.4.7.6
2017-02-16 13:31:09;7783587;access;Wk.4.7.6
2017-02-16 13:31:12;3347753;access;Wk.4.7.6
2017-02-16 13:31:24;7783691;access;Wk.4.7.6
2017-02-16 13:31:32;7783449;access;Wk.4.7.6
2017-02-16 13:31:38;7783533;access;Wk.4.7.6
2017-02-16 13:33:17;3347424;access;Wk.4.7.6
2017-02-16 13:33:31;7783533;submit-real;Wk.4.7.6
2017-02-16 13:33:53;7783725;access;Wk.4.7.6
2017-02-16 13:35:34;3347711;access;Wk.4.7.6
2017-02-16 13:35:45;7783403;access;Wk.4.7.6
2017-02-16 13:36:04;3347711;submit-real;Wk.4.7.6
2017-02-16 13:36:33;7783403;submit-real;Wk.4.7.6
2017-02-16 13:36:45;7783403;submit-real;Wk.4.7.6
2017-02-16 13:37:17;7783456;submit-real;Wk.4.7.6
2017-02-16 13:37:18;7783403;submit-real;Wk.4.7.6
2017-02-16 13:37:33;7783697;access;Wk.4.7.6
2017-02-16 13:38:11;7783456;submit-real;Wk.4.7.6
2017-02-16 13:38:24;7783567;submit-real;Wk.4.7.6
2017-02-16 13:38:40;7783416;access;Wk.4.7.6
2017-02-16 13:38:58;7783416;access;Wk.4.7.6
2017-02-16 13:39:00;7783542;submit-real;Wk.4.7.6
2017-02-16 13:39:48;7783416;submit-real;Wk.4.7.6
2017-02-16 13:39:50;7783577;submit-real;Wk.4.7.6
2017-02-16 13:39:59;3347805;submit-real;Wk.4.7.6
2017-02-16 13:40:11;7783416;submit-real;Wk.4.7.6
2017-02-16 13:40:19;7783461;submit-real;Wk.4.7.6
2017-02-16 13:40:33;7783461;submit-real;Wk.4.7.6
2017-02-16 13:40:36;7783589;submit-real;Wk.4.7.6
2017-02-16 13:40:38;7783589;submit-real;Wk.4.7.6
2017-02-16 13:40:39;3346654;submit-real;Wk.4.7.6
2017-02-16 13:40:57;7783541;submit-real;Wk.4.7.6
2017-02-16 13:41:00;3347720;submit-real;Wk.4.7.6
2017-02-16 13:41:33;7783450;submit-real;Wk.4.7.6
2017-02-16 13:41:44;3347721;submit-real;Wk.4.7.6
2017-02-16 13:41:47;7783430;submit-real;Wk.4.7.6
2017-02-16 13:41:50;7783430;submit-real;Wk.4.7.6
2017-02-16 13:41:57;7783610;submit-real;Wk.4.7.6
2017-02-16 13:41:58;7783450;submit-real;Wk.4.7.6
2017-02-16 13:41:59;3347720;submit-real;Wk.4.7.6
2017-02-16 13:42:25;3346654;submit-real;Wk.4.7.6
2017-02-16 13:42:26;3347753;submit-real;Wk.4.7.6
2017-02-16 13:42:44;3347689;access;Wk.4.7.6
2017-02-16 13:42:45;7783610;submit-real;Wk.4.7.6
2017-02-16 13:43:26;7783449;submit-real;Wk.4.7.6
2017-02-16 13:43:26;3347720;submit-real;Wk.4.7.6
2017-02-16 13:43:32;3347689;submit-real;Wk.4.7.6
2017-02-16 13:43:47;7783589;submit-real;Wk.4.7.6
2017-02-16 13:43:54;7783614;access;Wk.4.7.6
2017-02-16 13:43:56;7783730;access;Wk.4.7.6
2017-02-16 13:43:56;3347720;submit-real;Wk.4.7.6
2017-02-16 13:43:58;7783608;access;Wk.4.7.6
2017-02-16 13:43:59;3347753;submit-real;Wk.4.7.6
2017-02-16 13:43:59;7783430;submit-real;Wk.4.7.6
2017-02-16 13:44:04;7783465;submit-real;Wk.4.7.6
2017-02-16 13:44:11;3347424;submit-real;Wk.4.7.6
2017-02-16 13:44:13;7783702;submit-real;Wk.4.7.6
2017-02-16 13:44:15;7783608;submit-real;Wk.4.7.6
2017-02-16 13:44:17;3347787;submit-real;Wk.4.7.6
2017-02-16 13:44:18;7783393;access;Wk.4.7.6
2017-02-16 13:44:26;7783416;access;Wk.4.7.6
2017-02-16 13:44:33;7783702;submit-real;Wk.4.7.6
2017-02-16 13:44:46;7783450;access;Wk.4.7.6
2017-02-16 13:44:52;3347424;submit-real;Wk.4.7.6
2017-02-16 13:44:54;7783765;access;Wk.4.7.6
2017-02-16 13:44:58;7783512;submit-real;Wk.4.7.6
2017-02-16 13:45:01;3347677;submit-real;Wk.4.7.6
2017-02-16 13:45:04;7783765;submit-real;Wk.4.7.6
2017-02-16 13:45:04;3347752;submit-real;Wk.4.7.6
2017-02-16 13:45:10;7783393;submit-real;Wk.4.7.6
2017-02-16 13:45:11;7783691;submit-real;Wk.4.7.6
2017-02-16 13:45:23;7783537;access;Wk.4.7.6
2017-02-16 13:45:24;3347672;submit-real;Wk.4.7.6
2017-02-16 13:45:29;3347688;submit-real;Wk.4.7.6
2017-02-16 13:45:33;3347688;submit-real;Wk.4.7.6
2017-02-16 13:45:35;7783725;submit-real;Wk.4.7.6
2017-02-16 13:45:35;3347788;submit-real;Wk.4.7.6
2017-02-16 13:45:36;3347781;submit-real;Wk.4.7.6
2017-02-16 13:45:51;3347810;access;Wk.4.7.6
2017-02-16 13:45:53;3347779;submit-real;Wk.4.7.6
2017-02-16 13:45:58;3347810;access;Wk.4.7.6
2017-02-16 13:46:01;3347787;access;Wk.4.7.6
2017-02-16 13:46:03;7783706;submit-check;Wk.4.7.6
2017-02-16 13:46:03;3347810;submit-check;Wk.4.7.6
2017-02-16 13:46:03;3346654;access;Wk.4.7.6
2017-02-16 13:46:07;7783697;submit-check;Wk.4.7.6
2017-02-16 13:46:07;7783697;submit-check;Wk.4.7.6
2017-02-16 13:46:08;7783614;submit-check;Wk.4.7.6
2017-02-16 13:46:09;7783510;submit-check;Wk.4.7.6
2017-02-16 13:46:09;3347752;submit-check;Wk.4.7.6
2017-02-16 13:46:11;7783730;submit-check;Wk.4.7.6
2017-02-16 13:46:23;3347783;submit-check;Wk.4.7.6
2017-02-16 13:46:23;3347676;submit-check;Wk.4.7.6
2017-02-16 13:46:28;7783587;submit-check;Wk.4.7.6
2017-02-16 13:46:29;7783708;submit-check;Wk.4.7.6
2017-02-16 13:46:38;7783394;submit-check;Wk.4.7.6
2017-02-16 13:46:39;3347692;submit-check;Wk.4.7.6
2017-02-16 13:46:53;7783537;submit-check;Wk.4.7.6
