[{"x":10,"y":16},{"x":11,"y":10},{"x":4,"y":8},{"x":11,"y":16},{"x":14,"y":12},{"x":9,"y":14},{"x":13,"y":4},{"x":5,"y":12},{"x":0,"y":12},{"x":3,"y":1},{"x":14,"y":0},{"x":18,"y":14},{"x":10,"y":12},{"x":16,"y":6},{"x":0,"y":5},{"x":7,"y":3},{"x":12,"y":18},{"x":3,"y":13},{"x":16,"y":0},{"x":18,"y":8},{"x":6,"y":16},{"x":2,"y":5},{"x":9,"y":9},{"x":18,"y":15},{"x":8,"y":15},{"x":6,"y":7},{"x":10,"y":2},{"x":11,"y":5},{"x":4,"y":15},{"x":1,"y":16},{"x":1,"y":12},{"x":7,"y":6},{"x":6,"y":8},{"x":18,"y":12},{"x":9,"y":16},{"x":11,"y":6},{"x":11,"y":0},{"x":9,"y":8},{"x":16,"y":7},{"x":5,"y":0},{"x":9,"y":1},{"x":3,"y":14},{"x":5,"y":8},{"x":7,"y":10},{"x":8,"y":10},{"x":18,"y":16},{"x":6,"y":2},{"x":11,"y":7},{"x":12,"y":2},{"x":11,"y":1},{"x":12,"y":13},{"x":7,"y":15},{"x":7,"y":11},{"x":18,"y":9},{"x":7,"y":1},{"x":10,"y":14},{"x":18,"y":17},{"x":5,"y":16},{"x":17,"y":13},{"x":12,"y":15},{"x":8,"y":1},{"x":8,"y":2},{"x":4,"y":3},{"x":10,"y":13},{"x":3,"y":11},{"x":11,"y":17},{"x":13,"y":5},{"x":16,"y":5},{"x":1,"y":7},{"x":5,"y":7},{"x":10,"y":5},{"x":14,"y":1},{"x":2,"y":13},{"x":14,"y":5},{"x":5,"y":13},{"x":1,"y":8},{"x":0,"y":7},{"x":14,"y":13},{"x":8,"y":18},{"x":6,"y":1},{"x":2,"y":4},{"x":8,"y":9},{"x":12,"y":11},{"x":5,"y":3},{"x":4,"y":4},{"x":9,"y":18},{"x":12,"y":8},{"x":14,"y":17},{"x":15,"y":13},{"x":8,"y":5},{"x":8,"y":16},{"x":7,"y":18},{"x":17,"y":4},{"x":7,"y":9},{"x":8,"y":0},{"x":13,"y":16},{"x":2,"y":0},{"x":12,"y":0},{"x":17,"y":2},{"x":15,"y":7},{"x":4,"y":16},{"x":4,"y":0},{"x":14,"y":3},{"x":7,"y":12},{"x":6,"y":18},{"x":7,"y":7},{"x":5,"y":10},{"x":7,"y":17},{"x":13,"y":12},{"x":0,"y":3},{"x":3,"y":8},{"x":3,"y":9},{"x":3,"y":17},{"x":17,"y":1},{"x":15,"y":1},{"x":8,"y":11},{"x":7,"y":5},{"x":1,"y":13},{"x":5,"y":15},{"x":17,"y":8},{"x":10,"y":9},{"x":18,"y":3},{"x":15,"y":18},{"x":17,"y":11},{"x":0,"y":4},{"x":18,"y":1},{"x":2,"y":18},{"x":14,"y":7},{"x":11,"y":15},{"x":0,"y":9},{"x":11,"y":4},{"x":2,"y":14},{"x":3,"y":6},{"x":3,"y":5},{"x":1,"y":15},{"x":0,"y":1},{"x":9,"y":4},{"x":1,"y":3},{"x":2,"y":3},{"x":8,"y":4},{"x":15,"y":0},{"x":3,"y":10},{"x":6,"y":14},{"x":4,"y":6},{"x":7,"y":14},{"x":1,"y":5},{"x":15,"y":12},{"x":17,"y":6},{"x":11,"y":3},{"x":13,"y":13},{"x":11,"y":9},{"x":12,"y":1},{"x":14,"y":11},{"x":9,"y":5},{"x":9,"y":11},{"x":14,"y":16},{"x":17,"y":3},{"x":9,"y":13},{"x":13,"y":6},{"x":6,"y":6},{"x":0,"y":14},{"x":13,"y":18},{"x":17,"y":0},{"x":8,"y":6},{"x":8,"y":17},{"x":1,"y":0},{"x":6,"y":0},{"x":2,"y":10},{"x":5,"y":5},{"x":18,"y":0},{"x":13,"y":1},{"x":10,"y":17},{"x":17,"y":15},{"x":15,"y":9},{"x":12,"y":17},{"x":4,"y":2},{"x":2,"y":6},{"x":4,"y":5},{"x":2,"y":16},{"x":12,"y":14},{"x":16,"y":14},{"x":5,"y":9},{"x":3,"y":18},{"x":2,"y":15},{"x":12,"y":4},{"x":17,"y":17},{"x":6,"y":9},{"x":13,"y":3},{"x":7,"y":4},{"x":12,"y":5},{"x":16,"y":3},{"x":11,"y":11},{"x":1,"y":6},{"x":3,"y":3},{"x":2,"y":8},{"x":18,"y":13},{"x":11,"y":18},{"x":14,"y":14},{"x":13,"y":2},{"x":6,"y":17},{"x":1,"y":10},{"x":4,"y":9},{"x":5,"y":4},{"x":16,"y":15},{"x":9,"y":7},{"x":3,"y":4},{"x":5,"y":18},{"x":2,"y":2}]